ticker,company,cik,announced_date,announcement_url,deal_price,acquirer,consideration_notes,price_at_announcement,spread_at_announcement_pct,outcome,outcome_date,outcome_url,days_to_resolution,verified_by_hand,notes,deal_type,acquirer_type
,"Nuo Therapeutics, Inc.",1091596,2022-01-04,https://www.sec.gov/Archives/edgar/data/1091596/000143774922000240/,,,,,,PENDING,,,,,no terminal filing after 1671 days,,
DWSN,DAWSON GEOPHYSICAL CO,799165,2021-10-25,https://www.sec.gov/Archives/edgar/data/799165/000110465922004648/,2.34,Wilks Brothers,"tender offer, all cash. Row's date is the offer expiration; real announcement 2021-10-25. Price at announcement needs re-pull for that date.",2.23,4.93,EXCLUDED,3/24/2023,https://www.sec.gov/Archives/edgar/data/799165/000110465923036243/,430,y,"[close audit 2026-09-21] WAS CLOSED, NOT PROVEN: DWSN: Wilks tender offer expired 2022-01-14 but Dawson stayed listed and kept filing; row outcome (2023-03-24) is a later, different Wilks-affiliate merger. No delisting, so not proven closed. | 8-K Item 2.01",Tender Offer,Strategic
,"Southwest Gas Holdings, Inc.",1692115,2021-10-12,https://www.sec.gov/Archives/edgar/data/1692115/000119312521296267/,,,not a merger - stockholder rights plan (poison pill) adopted Oct 2021,63.43,,CLOSED,1/13/2023,https://www.sec.gov/Archives/edgar/data/1692115/000087666123000048/,458,y,[close audit 2026-09-21] close CONFIRMED: 2.01 completion 8-K + Form 25/15; still files periodic reports (SPAC/acquirer/debt registrant). | Form 25-NSE,,
TGNA,TEGNA INC,39899,2022-02-22,https://www.sec.gov/Archives/edgar/data/39899/000119312522076150/,24,Standard General,all cash. Row points at the March 10 amendment; real announcement is Feb 22 2022.,20.95,14.56,BROKEN,2023-05-22,https://www.sec.gov/Archives/edgar/data/39899/000119312523150586/,454,y,"[label audit 2026-09-21] BREAK CONFIRMED, Item 1.02 acc 0001193125-23-150586: FCC Hearing Designation Order; Company terminated per merger agreement. Old outcome_date 5/9/2022. | termination language, add outcome date wrong - terminated May 2023, not 55 days in",All Cash,Strategic
,"TherapeuticsMD, Inc.",25743,2022-06-03,https://www.sec.gov/Archives/edgar/data/25743/000156459022022465/,,,"bylaw amendment only, no price. Merger Agreement dated 2022-05-27 with Athene Parent Inc, cash tender offer. Announcement 8-K not",9.93,,EXCLUDED,2022-07-13,https://www.sec.gov/Archives/edgar/data/25743/000119312522193376/,40,y,"[dedupe 2026-09-21] DUPLICATE row of the same deal (same CIK and announced date); counted once on another row. | [close audit 2026-09-21] WAS CLOSED, ACTUALLY BROKE (Item 1.02 acc 0001193125-22-193376): tender offer expired without majority; Company terminated the merger agreement. | 8-K Item 2.01 [never actually priced/verified despite prior y flag; also duplicate of the TXMD row -- corrected, needs real verification or removal]",,
,"Rubicon Technology, Inc.",1410172,2022-07-05,https://www.sec.gov/Archives/edgar/data/1410172/000121390022037059/,,,partial tender for 45% at $20.00 plus $11.00 special distribution. Not a full acquisition; shareholders retain equity.,15.05,,CLOSED,12/23/2022,https://www.sec.gov/Archives/edgar/data/1410172/000121390022082632/,171,y,[close audit 2026-09-21] close CONFIRMED: 2.01 completion 8-K + Form 25/15. | Form 25,,
STCN,"Steel Connect, Inc.",914712,2022-06-13,https://www.sec.gov/Archives/edgar/data/914712/000121390022032357/,1.35,Steel Partner Holdings,"$1.35 cash plus CVR on ModusLink sale proceeds. CVR makes total consideration variable - excluded, consistent with TBPH handling.",1.21,11.57,BROKEN,2022-11-15,https://www.sec.gov/Archives/edgar/data/914712/000121390022072833/,155,y,"[close audit 2026-09-21] WAS CLOSED, ACTUALLY BROKE (Item 1.02 acc 0001213900-22-072833): Steel Partners terminated after the majority-of-minority vote failed; the 2025-01-02 Form 25 cannot be this deal's close because the June 2022 agreement was terminated 2022-11-15, so it belongs to a later agreement. | Form 25-NSE",,Strategic
IRBT,IROBOT CORP,1159167,2022-08-05,https://www.sec.gov/Archives/edgar/data/1159167/000119312522213174/,61,Amazon,all cash,49.99,22.02,BROKEN,2024-01-28,https://www.sec.gov/Archives/edgar/data/1159167/000119312524017523/,541,y,"[label audit 2026-09-21] BREAK CONFIRMED, Item 1.02 acc 0001193125-24-017523: mutual termination, Amazon paid $94M fee; regulatory. Old outcome_date 9/20/2022. | termination language",All Cash,Strategic
,"Spirit Airlines, Inc.",1498710,2022-07-28,https://www.sec.gov/Archives/edgar/data/1498710/000119312522204192/,,,"row points at Frontier termination announcement. Real JetBlue deal: $33.50, announced 2022-07-28, terminated 2024-03-04. Outcome CLOSED is wrong - Form 25 came from Spirit's bankruptcy",25.66,,EXCLUDED,2024-03-04,https://www.sec.gov/Archives/edgar/data/1498710/000149871024000124/,585,y,"[dedupe 2026-09-21] DUPLICATE row of the same deal (same CIK and announced date); counted once on another row. | [close audit 2026-09-21] WAS CLOSED, ACTUALLY BROKE (Item 1.02 acc 0001498710-24-000124): Termination Agreement with JetBlue, $69M paid to Spirit; the 2024-12-05 Form 25 cannot be this merger's close because the merger agreement was terminated 2024-03-04 (cause of that Form 25 not read). | Form 25-NSE",,
,"Inland Real Estate Income Trust, Inc.",1528985,2022-05-10,https://www.sec.gov/Archives/edgar/data/1528985/000156459022019164/,,,"not a merger - property purchase agreement, INRE acquiring eight retail properties",14.5,,EXCLUDED,5/20/2022,https://www.sec.gov/Archives/edgar/data/1528985/000156459022020829/,10,y,"[close audit 2026-09-21] WAS CLOSED, NOT PROVEN: completion-type 8-K but no Form 25/15 in window and issuer kept filing: not a delisted take-out of this issuer (acquirer-side / reverse-merger survivor). | 8-K Item 2.01",,
,TALOS ENERGY INC.,1724965,2022-12-27,https://www.sec.gov/Archives/edgar/data/1724965/000119312522312634/,,,"not a merger ï¿½ borrowing base redetermination. Talos is acquirer of EnVen, not a target.",19.77,,CLOSED,12/18/2024,https://www.sec.gov/Archives/edgar/data/1724965/000087666124001187/,722,y,[close audit 2026-09-21] close CONFIRMED: 2.01 completion 8-K + Form 25/15; still files periodic reports (SPAC/acquirer/debt registrant). | Form 25-NSE,,
,"GRAYBUG VISION, INC.",1534133,2023-02-09,https://www.sec.gov/Archives/edgar/data/1534133/000119312523030003/,,,"reverse merger, Graybug Vision + CalciMedica. No cash consideration. Filing is a director appointment 8-K, not the announcement.",0.7,,EXCLUDED,2023-03-22,https://www.sec.gov/Archives/edgar/data/1534133/000119312523076714/,41,y,"[close audit 2026-09-21] WAS CLOSED, NOT PROVEN: completion-type 8-K but no Form 25/15 in window and issuer kept filing: not a delisted take-out of this issuer (acquirer-side / reverse-merger survivor). | [label audit 2026-09-21] WAS BROKEN, NOT A BREAK: reverse merger with CalciMedica (stock), 8-K Item 2.01, acc 0001193125-23-076714. | termination language",,
,Adamis Pharmaceuticals Corp,887247,2023-03-17,https://www.sec.gov/Archives/edgar/data/887247/000138713123003545/,,,"reverse merger, Adamis + DMK Pharmaceuticals. No cash consideration; DMK CEO leads combined company.",0.11,,CLOSED,3/21/2024,https://www.sec.gov/Archives/edgar/data/887247/000135445724000194/,370,y,[close audit 2026-09-21] close CONFIRMED: 2.01 completion 8-K + Form 25/15. | Form 25-NSE,,
,"Digerati Technologies, Inc.",1014052,2023-05-05,https://www.sec.gov/Archives/edgar/data/1014052/000121390023036934/,,,"SPAC business combination with MEOA. Filing is Amendment No. 3 extending termination date, not an announcement.",0.09,,PENDING,,,,y,no terminal filing after 1185 days,,
GLS,"GELESIS HOLDINGS, INC.",1805087,2023-06-13,https://www.sec.gov/Archives/edgar/data/1805087/000095017023027586/,0.05664,PureTech Health,"all cash, $0.05664/share. Distressed take-under by controlling shareholder; company later bankrupt (GLSHQ).",,,BROKEN,2023-10-12,https://www.sec.gov/Archives/edgar/data/1805087/000095017023053536/,121,y,"[label audit 2026-09-21] BREAK CONFIRMED, Item 1.02 acc 0000950170-23-053536: Parent (PureTech) delivered notice of termination, no reason stated in 8-K. Old outcome_date 10/16/2023. | termination language",All Cash,Strategic
AMED,AMEDISYS INC,896262,2023-06-26,https://www.sec.gov/Archives/edgar/data/896262/000110465923074547/,101,UnitedHealth Group,all cash,91.21,10.73,CLOSED,8/14/2025,https://www.sec.gov/Archives/edgar/data/896262/000135445725000816/,780,y,[close audit 2026-09-21] close CONFIRMED: 2.01 completion 8-K + Form 25/15. | Form 25-NSE,All Cash,Strategic
,"Desktop Metal, Inc.",1754820,2023-05-30,https://www.sec.gov/Archives/edgar/data/1754820/000110465923065705/,,,"rights plan adopted alongside Stratasys merger. Stock-for-stock combination, no cash price. Not the announcement.",1.84,,EXCLUDED,2023-09-28,https://www.sec.gov/Archives/edgar/data/1754820/000110465923105007/,121,y,"[dedupe 2026-09-21] DUPLICATE row of the same deal (same CIK and announced date); counted once on another row. | [close audit 2026-09-21] WAS CLOSED, ACTUALLY BROKE (Item 1.02 acc 0001104659-23-105007): Stratasys shareholders did not approve; Stratasys sent notice of termination. | Form 25-NSE",,
CPRI,Capri Holdings Ltd,1530721,2023-08-10,https://www.sec.gov/Archives/edgar/data/1530721/000119312523208278/,57,Tapestry,all cash,34.61,64.69,BROKEN,2024-11-13,https://www.sec.gov/Archives/edgar/data/1530721/000119312524258691/,461,y,"[label audit 2026-09-21] BREAK CONFIRMED, Item 1.02 acc 0001193125-24-258691: mutual Termination Agreement; row date was not the termination. Old outcome_date 11/6/2023. | termination language",All Cash,Strategic
,American Strategic Investment Co.,1595527,2023-05-30,https://www.sec.gov/Archives/edgar/data/1595527/000110465923066185/,,,"not a deal for this company. Item 5.02 about executive departures; the merger described is GNL/RTL, all-stock, NYC not a party.",8,,PENDING,,,,y,no terminal filing after 1160 days,All Stock,
,FLEX LTD.,866374,2023-10-25,https://www.sec.gov/Archives/edgar/data/866374/000086637423000063/,,,not a merger ï¿½ Q2 earnings release,23.22,,EXCLUDED,1/2/2024,https://www.sec.gov/Archives/edgar/data/866374/000086637424000005/,69,y,"[close audit 2026-09-21] WAS CLOSED, NOT PROVEN: completion-type 8-K but no Form 25/15 in window and issuer kept filing: not a delisted take-out of this issuer (acquirer-side / reverse-merger survivor). | 8-K Item 2.01",,
,Nubia Brand International Corp.,1881551,2023-10-16,https://www.sec.gov/Archives/edgar/data/1881551/000101376223003931/,,,not a merger ï¿½ SPAC working capital promissory note,,,CLOSED,2/2/2024,https://www.sec.gov/Archives/edgar/data/1881551/000135445724000046/,109,y,[close audit 2026-09-21] close CONFIRMED: 2.01 completion 8-K + Form 25/15; still files periodic reports (SPAC/acquirer/debt registrant). | Form 25-NSE,,
GAN,GAN Ltd,1799332,2023-11-07,https://www.sec.gov/Archives/edgar/data/1799332/000149315223045096/,1.97,SEGA SAMMY Creation,"all cash, $1.97/share. Row pointed at the Dec 15 amendment; real announcement Nov 7 2023. Price at announcement needs re-pull for that date.",,,CLOSED,5/27/2025,https://www.sec.gov/Archives/edgar/data/1799332/000135445725000456/,529,y,[close audit 2026-09-21] close CONFIRMED: 2.01 completion 8-K + Form 25/15. | Form 25-NSE,All Cash,Strategic
CNSL,"Consolidated Communications Holdings, Inc.",1304421,2023-10-16,https://www.sec.gov/Archives/edgar/data/1304421/000110465923109248/,4.7,Searchlight Capital Partners,all cash. PE buyout with BCI as co-investor; controlling-shareholder deal negotiated by a special committee.,3.53,33.14,CLOSED,12/27/2024,https://www.sec.gov/Archives/edgar/data/1304421/000135445724000967/,438,y,[close audit 2026-09-21] close CONFIRMED: 2.01 completion 8-K + Form 25/15. | Form 25-NSE,All Cash,Private Equity
SP,SP Plus Corp,1059262,2023-10-05,https://www.sec.gov/Archives/edgar/data/1059262/000119312523251150/,54,Metropolis Technologies,all cash. Ticker mis-parsed as CRLKP; correct symbol is SP. Price at announcement needs re-pull for 2023-10-05.,35.41,52.5,CLOSED,5/16/2024,https://www.sec.gov/Archives/edgar/data/1059262/000135445724000351/,224,y,[close audit 2026-09-21] close CONFIRMED: 2.01 completion 8-K + Form 25/15. | Form 25-NSE,All Cash,Private Equity
HA,HAWAIIAN HOLDINGS INC,1172222,2023-12-04,https://www.sec.gov/Archives/edgar/data/1172222/000119312523287917/,18,Alaska Air Group,all cash,4.86,270.37,CLOSED,9/18/2024,https://www.sec.gov/Archives/edgar/data/1172222/000135445724000688/,289,y,[close audit 2026-09-21] close CONFIRMED: 2.01 completion 8-K + Form 25/15. | Form 25-NSE,All Cash,Strategic
SP,SP Plus Corp,1059262,2023-10-05,https://www.sec.gov/Archives/edgar/data/1059262/000119312523251150/,,,,22.8,,EXCLUDED,5/16/2024,https://www.sec.gov/Archives/edgar/data/1059262/000135445724000351/,224,,[dedupe 2026-09-21] DUPLICATE row of the same deal (same CIK and announced date); counted once on another row. | [close audit 2026-09-21] close CONFIRMED: 2.01 completion 8-K + Form 25/15. | Form 25-NSE,,
,"SANUWAVE Health, Inc.",1417663,2023-08-23,https://www.sec.gov/Archives/edgar/data/1417663/000114036123041023/,,,SPAC business combination with SEP Acquisition Corp. No cash consideration; PIPE-financed reverse merger.,0.02,,BROKEN,2024-06-25,https://www.sec.gov/Archives/edgar/data/1417663/000114036124031382/,307,y,"[label audit 2026-09-21] BREAK CONFIRMED, Item 1.02 acc 0001140361-24-031382: Company terminated; counterparty SEP Acquisition Corp (share merger, non-cash). Old outcome_date 9/25/2023. | termination language",,
AXNX,"Axonics, Inc.",1603756,2024-01-08,https://www.sec.gov/Archives/edgar/data/1603756/000160375624000023/,71,Boston Scientific,all cash,57.57,23.33,CLOSED,11/15/2024,https://www.sec.gov/Archives/edgar/data/1603756/000135445724000871/,312,y,[close audit 2026-09-21] close CONFIRMED: 2.01 completion 8-K + Form 25/15. | Form 25-NSE,All Cash,Strategic
JNPR,JUNIPER NETWORKS INC,1043604,2024-01-10,https://www.sec.gov/Archives/edgar/data/1043604/000119312524005659/,40,Hewlett Packard Enterprise,all cash,36.81,8.67,CLOSED,7/2/2025,https://www.sec.gov/Archives/edgar/data/1043604/000087666125000489/,539,y,[close audit 2026-09-21] close CONFIRMED: 2.01 completion 8-K + Form 25/15. | Form 25-NSE,All Cash,Strategic
,COFFEE HOLDING CO INC,1007019,2024-01-04,https://www.sec.gov/Archives/edgar/data/1007019/000149315224001093/,,,"amendment extending outside date. Underlying deal is a share exchange with Delta Corp Holdings (Cayman/UK), no cash consideration.",0.89,,BROKEN,2024-06-21,https://www.sec.gov/Archives/edgar/data/1007019/000149315224024882/,169,y,"[label audit 2026-09-21] BREAK CONFIRMED, Item 1.02 acc 0001493152-24-024882: Company terminated; Merger and Share Exchange Agreement dated 2022-09-29 (non-cash; row announcement date is wrong). Old outcome_date 6/24/2024. | termination language",,
X,UNITED STATES STEEL CORP,1163302,2023-12-18,https://www.sec.gov/Archives/edgar/data/1163302/000110465923126953/,55,Nippon Steel,"all cash. Foreign acquirer, CFIUS review - deal was blocked by Biden Jan 2025, later approved by Trump with a golden-share arrangement, closed June 2025.",39.33,39.84,CLOSED,6/18/2025,https://www.sec.gov/Archives/edgar/data/1163302/000087688225000016/,548,y,[close audit 2026-09-21] close CONFIRMED: 2.01 completion 8-K + Form 25/15. | Form 25-NSE,All Cash,Strategic
HAYN,HAYNES INTERNATIONAL INC,858655,2024-02-05,https://www.sec.gov/Archives/edgar/data/858655/000110465924034520/,61,North American Stainless,"all cash. Spanish parent Acerinox - foreign acquirer, CFIUS relevant. Row pointed at a March 12 retention bonus 8-K; real announcement Feb 5 2024. Price at announcement needs re-pull for that date.",56.11,8.72,CLOSED,11/21/2024,https://www.sec.gov/Archives/edgar/data/858655/000135445724000884/,252,y,[close audit 2026-09-21] close CONFIRMED: 2.01 completion 8-K + Form 25/15. | Form 25-NSE,All Cash,Strategic
VIA,"Via Renewables, Inc.",1606268,2023-12-29,https://www.sec.gov/Archives/edgar/data/1606268/000165495424000016/,11,Retailco LLC ,"all cash, $11.00 Class A only. Controlling-shareholder take-private: Maxwell's shares and Class B stay outstanding. Ticker was mis-parsed as VIASP; price needs re-pull for VIA on 2023-12-29.",,,CLOSED,6/13/2024,https://www.sec.gov/Archives/edgar/data/1606268/000135445724000404/,163,y,[close audit 2026-09-21] close CONFIRMED: 2.01 completion 8-K + Form 25/15; still files periodic reports (SPAC/acquirer/debt registrant). | Form 25-NSE,All Cash,Private Equity
,"Diamondback Energy, Inc.",1539838,2024-03-06,https://www.sec.gov/Archives/edgar/data/1539838/000114036124011751/,,,"not a merger filing - term loan financing. FANG is the acquirer of Endeavor Parent LLC, not a target.",181.18,,EXCLUDED,9/10/2024,https://www.sec.gov/Archives/edgar/data/1539838/000114036124040726/,188,y,"[close audit 2026-09-21] WAS CLOSED, NOT PROVEN: completion-type 8-K but no Form 25/15 in window and issuer kept filing: not a delisted take-out of this issuer (acquirer-side / reverse-merger survivor). | 8-K Item 2.01",,
CTLT,"Catalent, Inc.",1596783,2024-02-05,https://www.sec.gov/Archives/edgar/data/1596783/000119312524023426/,63.5,Novo Holdings,all cash. Novo Holdings intends to sell three fill-finish sites to Novo Nordisk post-close - that carveout drew extra antitrust scrutiny.,54.51,16.49,CLOSED,12/18/2024,https://www.sec.gov/Archives/edgar/data/1596783/000087666124001185/,317,y,[close audit 2026-09-21] close CONFIRMED: 2.01 completion 8-K + Form 25/15. | Form 25-NSE,All Cash,Strategic
,ANSYS INC,1013462,2024-01-16,https://www.sec.gov/Archives/edgar/data/1013462/000119312524008112/,,Synopsys,"cash + stock: $197.00 cash plus 0.3450 SNPS shares per ANSS share. Total consideration floats with acquirer stock - no fixed price, no clean spread.",327.42,,CLOSED,7/17/2025,https://www.sec.gov/Archives/edgar/data/1013462/000135445725000689/,548,y,[close audit 2026-09-21] close CONFIRMED: 2.01 completion 8-K + Form 25/15. | Form 25-NSE,Cash + Stock,Strategic
,TE Connectivity Ltd.,1385157,2024-03-18,https://www.sec.gov/Archives/edgar/data/1385157/000110465924035560/,,,"not an acquisition - redomiciliation from Switzerland to Ireland, 1:1 share exchange into TE Connectivity plc",140,,EXCLUDED,9/30/2024,https://www.sec.gov/Archives/edgar/data/1385157/000087666124000890/,196,y,"[close audit 2026-09-21] WAS CLOSED, NOT PROVEN: Form 25 alone; no completion 8-K and issuer kept filing 10-K/10-Q afterwards. | Form 25-NSE",,
,HESS CORP,4447,2023-10-23,https://www.sec.gov/Archives/edgar/data/4447/000119312523260801/,,Chevron,"all stock, 1.025 CVX shares per HES share. No fixed cash price.",161.3,,CLOSED,7/18/2025,https://www.sec.gov/Archives/edgar/data/4447/000087666125000523/,634,y,[close audit 2026-09-21] close CONFIRMED: 2.01 completion 8-K + Form 25/15. | Form 25-NSE,All Stock,Strategic
,ChampionX Corp,1723089,2024-04-02,https://www.sec.gov/Archives/edgar/data/1723089/000119312524084162/,,SLB,"all stock, 0.735 SLB shares per CHX share. No fixed cash price.",39.08,,CLOSED,7/16/2025,https://www.sec.gov/Archives/edgar/data/1723089/000135445725000680/,470,y,[close audit 2026-09-21] close CONFIRMED: 2.01 completion 8-K + Form 25/15. | Form 25-NSE,All Stock,Strategic
,"HomeStreet, Inc.",1518715,2024-04-30,https://www.sec.gov/Archives/edgar/data/1518715/000151871524000108/,,FirstSun Capital Bancorp,"all stock, exchange ratio 0.3867 FSUN per HMST share (reduced from 0.4345 by Amendment No. 1). Filing is the amendment, not the announcement.",12.25,,EXCLUDED,2024-11-18,https://www.sec.gov/Archives/edgar/data/1518715/000151871524000184/,202,y,"[dedupe 2026-09-21] DUPLICATE row of the same deal (same CIK and announced date); counted once on another row. | [close audit 2026-09-21] WAS CLOSED, ACTUALLY BROKE (Item 1.02 acc 0001518715-24-000184): mutual termination with FirstSun (deal originally announced 2024-01-16); HomeStreet remained public. | 8-K Item 2.01",All Stock,Strategic
,SOUTHWESTERN ENERGY CO,7332,2024-01-11,https://www.sec.gov/Archives/edgar/data/7332/000110465924003359/,,Chesapeake Energy,"all stock, 0.0867 CHK shares per SWN share. No fixed cash price.",6.72,,CLOSED,10/1/2024,https://www.sec.gov/Archives/edgar/data/7332/000087666124000892/,264,y,[close audit 2026-09-21] close CONFIRMED: 2.01 completion 8-K + Form 25/15. | Form 25-NSE,All Stock,Strategic
,MariaDB plc,1929589,2024-01-11,https://www.sec.gov/Archives/edgar/data/1929589/000192958924000004/,,,not a merger - promissory note amendment with RP Ventures,0.18,,CLOSED,8/26/2024,https://www.sec.gov/Archives/edgar/data/1929589/000087666124000803/,228,y,[close audit 2026-09-21] close CONFIRMED: Form 25/15 and no later periodic filings (genuine delisting); no closing-language 8-K matched. | Form 25-NSE,,
,"Eliem Therapeutics, Inc.",1768446,2024-04-11,https://www.sec.gov/Archives/edgar/data/1768446/000119312524092520/,,Eliem is the acquirer of Tenet Medicines,"reverse merger - Eliem acquiring private Tenet Medicines, consideration is 15.4% of Eliem stock. No cash, Eliem not a target.",4.58,,EXCLUDED,6/27/2024,https://www.sec.gov/Archives/edgar/data/1768446/000119312524170599/,77,y,"[close audit 2026-09-21] WAS CLOSED, NOT PROVEN: completion-type 8-K but no Form 25/15 in window and issuer kept filing: not a delisted take-out of this issuer (acquirer-side / reverse-merger survivor). | 8-K Item 2.01",,Strategic
,Equitrans Midstream Corp,1747009,2024-03-11,https://www.sec.gov/Archives/edgar/data/1747009/000110465924032682/,,"all stock, 0.3504 EQT shares per ETRN share. No fixed cash price. Ticker was mis-parsed as EQTNP. Ticker was ETRN",,,,CLOSED,7/22/2024,https://www.sec.gov/Archives/edgar/data/1747009/000087666124000595/,133,y,[close audit 2026-09-21] close CONFIRMED: 2.01 completion 8-K + Form 25/15. | Form 25-NSE,,Private Equity
,MCGRATH RENTCORP,752714,2024-01-29,https://www.sec.gov/Archives/edgar/data/752714/000119312524017316/,,WillScot Mobile Mini,"cash + stock: $123/share as 60% cash, 40% WillScot stock plus ~12.6% stake in combined company. No fixed cash price.",123.75,,BROKEN,2024-09-17,https://www.sec.gov/Archives/edgar/data/752714/000119312524221095/,232,y,"[label audit 2026-09-21] BREAK CONFIRMED, Item 1.02 acc 0001193125-24-221095: mutual termination, WillScot paid $180M; agreement dated 2024-01-28. Old outcome_date 2/22/2024. | termination language",Cash + Stock,Strategic
,"Matterport, Inc./DE",1819394,2024-04-22,https://www.sec.gov/Archives/edgar/data/1819394/000110465924049761/,,CoStar Group,"cash + stock: $2.75 cash plus $2.75 in CSGP shares per MTTR share, $5.50 total at announcement. Stock component floats - no fixed price.",4.8,,CLOSED,2/28/2025,https://www.sec.gov/Archives/edgar/data/1819394/000135445725000149/,312,y,[close audit 2026-09-21] close CONFIRMED: 2.01 completion 8-K + Form 25/15. | Form 25-NSE,Cash + Stock,Strategic
HCP,"HashiCorp, Inc.",1720671,2024-04-25,https://www.sec.gov/Archives/edgar/data/1720671/000119312524114310/,35,IBM,all cash,31.41,11.43,CLOSED,2/27/2025,https://www.sec.gov/Archives/edgar/data/1720671/000135445725000140/,308,y,[close audit 2026-09-21] close CONFIRMED: 2.01 completion 8-K + Form 25/15. | Form 25-NSE,All Cash,Strategic
PRFT,PERFICIENT INC,1085869,2024-05-06,https://www.sec.gov/Archives/edgar/data/1085869/000119312524131525/,76,EQT Asia (BPEA Private Equity Fund VIII),"all cash. PE take-private, 75% premium to unaffected price.",48.11,57.97,CLOSED,10/2/2024,https://www.sec.gov/Archives/edgar/data/1085869/000135445724000739/,149,y,[close audit 2026-09-21] close CONFIRMED: 2.01 completion 8-K + Form 25/15. | Form 25-NSE,All Cash,Private Equity
AGS,"PlayAGS, Inc.",1593548,2024-05-08,https://www.sec.gov/Archives/edgar/data/1593548/000119312524134842/,12.5,Brightstar Capital Partners,"all cash. PE take-private, 40% premium to prior close. add price at announcement was post-news; needs re-pull for 2024-05-08 (unaffected close ~$8.93 per stated 40% premium)",8.6,45.35,CLOSED,7/1/2025,https://www.sec.gov/Archives/edgar/data/1593548/000087666125000479/,418,y,[close audit 2026-09-21] close CONFIRMED: 2.01 completion 8-K + Form 25/15. | Form 25-NSE,All Cash,Private Equity
ASXC,"ASENSUS SURGICAL, INC.",876378,2024-06-07,https://www.sec.gov/Archives/edgar/data/876378/000143774924019546/,0.35,KARL STORZ Endoscopy-America,"all cash, $0.35/share. Distressed microcap; 67% premium to Apr 2 2024 unaffected close. Ticker was mis-parsed as TRXDW. Actual ticker is ASXC",0.23,52.17,CLOSED,8/22/2024,https://www.sec.gov/Archives/edgar/data/876378/000114331324000087/,76,y,[close audit 2026-09-21] close CONFIRMED: 2.01 completion 8-K + Form 25/15. | Form 25-NSE,All Cash,Strategic
SRDX,SURMODICS INC,924717,2024-05-29,https://www.sec.gov/Archives/edgar/data/924717/000119312524148609/,43,GTCR,all cash. PE take-private financed with committed equity plus committed debt.,35.1,22.51,CLOSED,11/19/2025,https://www.sec.gov/Archives/edgar/data/924717/000135445725001154/,539,y,[close audit 2026-09-21] close CONFIRMED: 2.01 completion 8-K + Form 25/15. | Form 25-NSE,All Cash,Private Equity
,,,,,,,,,,,,,,,,,
PFIE,PROFIRE ENERGY INC,1289636,2024-11-07,https://www.sec.gov/Archives/edgar/data/1289636/000110465924115374/,,,"communications filing only, no price. Merger Agreement dated 2024-10-28, CECO Environmental, tender offer. Announcement not pulled.",2.51,,CLOSED,1/3/2025,https://www.sec.gov/Archives/edgar/data/1289636/000135445725000007/,57,,"[close audit 2026-09-21] close CONFIRMED: 2.01 completion 8-K + Form 25/15. | Form 25-NSE [never actually priced/verified despite prior y flag -- corrected, needs real verification]",,
ROIC,RETAIL OPPORTUNITY INVESTMENTS CORP,1407623,2024-11-06,https://www.sec.gov/Archives/edgar/data/1407623/000119312524252545/,17.5,Blackstone Real Estate Partners X,all cash. REIT take-private with a parallel partnership merger. Real date 11/6/2024,16.59,5.49,CLOSED,2/12/2025,https://www.sec.gov/Archives/edgar/data/1407623/000135445725000100/,97,y,[close audit 2026-09-21] close CONFIRMED: Form 25/15 and no later periodic filings (genuine delisting); no closing-language 8-K matched. | Form 25-NSE,All Cash,Private Equity
ATSG,"Air Transport Services Group, Inc.",894081,2024-11-04,https://www.sec.gov/Archives/edgar/data/894081/000095010324015854/,22.5,Stonepeak,"all cash. PE infrastructure take-private, 29.3% premium to the Nov 1 close.",17.4,29.31,CLOSED,4/11/2025,https://www.sec.gov/Archives/edgar/data/894081/000135445725000328/,158,y,[close audit 2026-09-21] close CONFIRMED: 2.01 completion 8-K + Form 25/15. | Form 25-NSE,All Cash,Private Equity
DFS,Discover Financial Services,1393612,2024-12-13,https://www.sec.gov/Archives/edgar/data/1393612/000119312524278703/,,Capital One Financial,"all stock, 1.0192 COF shares per DFS share. No fixed cash price. This filing is an Item 5.02 comp adjustment, not the announcement.",175.64,,CLOSED,5/19/2025,https://www.sec.gov/Archives/edgar/data/1393612/000087666125000350/,157,y,[close audit 2026-09-21] close CONFIRMED: 2.01 completion 8-K + Form 25/15. | Form 25-NSE,All Stock,Strategic
PSTX,"Poseida Therapeutics, Inc.",1661460,2024-11-26,https://www.sec.gov/Archives/edgar/data/1661460/000119312524266103/,,Roche Holdings,"communications filing only, no price in any document. Roche tender offer for Poseida; deal included a CVR, so excluded on cash-only grounds regardless of price. verified_by_hand was incorrectly set y with no price ever pulled -- corrected.",2.86,,CLOSED,1/8/2025,https://www.sec.gov/Archives/edgar/data/1661460/000135445725000014/,43,y,[close audit 2026-09-21] close CONFIRMED: 2.01 completion 8-K + Form 25/15. | Form 25-NSE,,Strategic
OMIC,"Singular Genomics Systems, Inc.",1850906,2024-12-22,https://www.sec.gov/Archives/edgar/data/1850906/000119312524284273/,20,Deerfield Private Design Fund IV,all cash. Controlling-shareholder take-private; Deerfield was already a holder and rolls its stake rather than cashing out. Special committee of independent directors negotiated. 2024-12-22,19.55,2.3,CLOSED,2/21/2025,https://www.sec.gov/Archives/edgar/data/1850906/000135445725000126/,60,y,[close audit 2026-09-21] close CONFIRMED: 2.01 completion 8-K + Form 25/15. | Form 25-NSE,All Cash,Private Equity
NARI,"Inari Medical, Inc.",1531048,2025-01-06,https://www.sec.gov/Archives/edgar/data/1531048/000119312525002549/,80,Stryker,"all cash tender offer. Majority minimum tender condition, HSR review.",49.77,60.74,CLOSED,2/19/2025,https://www.sec.gov/Archives/edgar/data/1531048/000135445725000118/,43,y,[close audit 2026-09-21] close CONFIRMED: 2.01 completion 8-K + Form 25/15. | Form 25-NSE,Tender Offer,Strategic
CCRN,CROSS COUNTRY HEALTHCARE INC,1141103,2024-12-03,https://www.sec.gov/Archives/edgar/data/1141103/000095010324017244/,18.61,Aya Healthcare,"all cash, $18.61. THIS IS THE AYA DEAL, WHICH TERMINATED. Outcome shows CLOSED because detection saw the later Knox Lane closing. CCRN had two deals; the Knox Lane deal at $13.25 is missing from this dataset entirely (dedupe keeps one row per ticker).",11.52,61.55,BROKEN,2025-12-04,https://www.sec.gov/Archives/edgar/data/1141103/000095010325015716/,366,y,"[label audit 2026-09-21] BREAK CONFIRMED, Item 1.02 acc 0000950103-25-015716: Aya notice of termination after end date, $20M fee; row date 2026-07-21 was a DIFFERENT deal (KL, 2026-05-06) closing. Old outcome_date 7/21/2026. | Form 25-NSE",All Cash,Private Equity
BERY,"BERRY GLOBAL GROUP, INC.",1378992,2024-11-19,https://www.sec.gov/Archives/edgar/data/1378992/000110465924120311/,,Amcor plc,"all stock, 7.25 AMCR shares per BERY share. Implied $73.59 at announcement but floats with Amcor. No fixed cash price.",67.05,,CLOSED,4/30/2025,https://www.sec.gov/Archives/edgar/data/1378992/000087666125000291/,162,y,[close audit 2026-09-21] close CONFIRMED: 2.01 completion 8-K + Form 25/15. | Form 25-NSE,All Stock,Strategic
EMKR,EMCORE CORP,808326,2024-11-08,https://www.sec.gov/Archives/edgar/data/808326/000110465924115591/,3.1,Velocity One Holdings,"all cash $3.10. Board chose this over an unsolicited $3.80 proposal from Mobix Labs, citing financing certainty and likelihood of closing.",2.37,30.8,CLOSED,2/28/2025,https://www.sec.gov/Archives/edgar/data/808326/000135445725000150/,112,y,[close audit 2026-09-21] close CONFIRMED: 2.01 completion 8-K + Form 25/15. | Form 25-NSE,All Cash,Private Equity
STAF,"Staffing 360 Solutions, Inc.",1499717,2025-01-13,https://www.sec.gov/Archives/edgar/data/1499717/000149315225001935/,,Atlantic International Corp,"all stock, exchange ratio into Atlantic common. Filing is First Amendment, not the announcement. Complex preferred conversions and lockup schedule.",,,CLOSED,7/10/2025,https://www.sec.gov/Archives/edgar/data/1499717/000135445725000638/,178,y,[close audit 2026-09-21] close CONFIRMED: Form 25/15 and no later periodic filings (genuine delisting); no closing-language 8-K matched. | Form 25-NSE,All Stock,Strategic
CHRS,"Coherus BioSciences, Inc.",1512762,2024-12-03,https://www.sec.gov/Archives/edgar/data/1512762/000110465924124881/,,"not applicable - Intas is buying an asset, not the company","not a merger - asset purchase agreement, Coherus divesting UDENYCA franchise to Intas for $483.4M. Company remains public.",1.37,,EXCLUDED,4/14/2025,https://www.sec.gov/Archives/edgar/data/1512762/000155837025004746/,132,y,"[close audit 2026-09-21] WAS CLOSED, NOT PROVEN: completion-type 8-K but no Form 25/15 in window and issuer kept filing: not a delisted take-out of this issuer (acquirer-side / reverse-merger survivor). | 8-K Item 2.01",,Strategic
MRNS,"MARINUS PHARMACEUTICALS, INC.",1267813,2024-12-29,https://www.sec.gov/Archives/edgar/data/1267813/000110465925000105/,0.55,Immedica Pharma AB,"all cash $0.55 tender offer. Swedish acquirer. Section 251(h) short-form merger follows the tender, no shareholder vote needed.",0.37,48.65,CLOSED,2/11/2025,https://www.sec.gov/Archives/edgar/data/1267813/000135445725000089/,40,y,[close audit 2026-09-21] close CONFIRMED: 2.01 completion 8-K + Form 25/15. | Form 25-NSE,Tender Offer,Strategic
IPG,"INTERPUBLIC GROUP OF COMPANIES, INC.",51644,2024-12-09,https://www.sec.gov/Archives/edgar/data/51644/000119312524273521/,,Omnicom Group,"all stock, 0.344 OMC shares per IPG share. No fixed cash price.",29.26,,CLOSED,11/28/2025,https://www.sec.gov/Archives/edgar/data/51644/000087666125000918/,354,y,[close audit 2026-09-21] close CONFIRMED: 2.01 completion 8-K + Form 25/15. | Form 25-NSE,All Stock,Strategic
RVNC,"Revance Therapeutics, Inc.",1479290,2025-01-21,https://www.sec.gov/Archives/edgar/data/1479290/000114036125001461/,3.65,Crown Laboratories,"all cash $3.65, REPRICED UPWARD. Original merger agreement 2024-08-11, A&R agreement 2024-12-07 at $3.10, Second Amendment 2025-01-17 raised to $3.65 (+17%). Tender extended twice. Row date is the amendment, not the original announcement.",3.68,-0.82,CLOSED,2/6/2025,https://www.sec.gov/Archives/edgar/data/1479290/000135445725000073/,16,y,[close audit 2026-09-21] close CONFIRMED: 2.01 completion 8-K + Form 25/15. | Form 25-NSE,All Cash,Strategic
SDIG,"Stronghold Digital Mining, Inc.",1856028,2024-10-31,https://www.sec.gov/Archives/edgar/data/1856028/000114036124044717/,,,not a merger - hosting agreement for third-party mining equipment,5.12,,CLOSED,3/14/2025,https://www.sec.gov/Archives/edgar/data/1856028/000135445725000201/,134,y,[close audit 2026-09-21] close CONFIRMED: 2.01 completion 8-K + Form 25/15. | Form 25-NSE,,
AZPN,"Aspen Technology, Inc.",1897982,2025-01-27,https://www.sec.gov/Archives/edgar/data/1897982/000095010325000885/,265,Emerson Electric,all cash $265.00 tender offer. Controlling-shareholder squeeze-out - Emerson already owned ~57% from its 2022 majority investment. Special committee of three independent directors negotiated.,255.16,3.86,CLOSED,3/12/2025,https://www.sec.gov/Archives/edgar/data/1897982/000135445725000196/,44,y,[close audit 2026-09-21] close CONFIRMED: 2.01 completion 8-K + Form 25/15. | Form 25-NSE,Tender Offer,Strategic
WMPN,William Penn Bancorporation,1828376,2024-12-11,https://www.sec.gov/Archives/edgar/data/1828376/000155837024016135/,,Mid Penn Bancorp,all stock combination per investor presentation. Merger Agreement dated 2024-10-31. No fixed cash price.,13,,CLOSED,4/30/2025,https://www.sec.gov/Archives/edgar/data/1828376/000135445725000364/,140,y,[close audit 2026-09-21] close CONFIRMED: 2.01 completion 8-K + Form 25/15. | Form 25-NSE,All Stock,Strategic
UNIT,Uniti Group Inc.,1620280,2024-06-18,https://www.sec.gov/Archives/edgar/data/1620280/000095010324008500/,,,"not a merger announcement - Amendment No. 9 to credit agreement, satisfying a closing condition. Merger Agreement with Windstream dated 2024-05-03.",2.67,,EXCLUDED,2025-08-01,https://www.sec.gov/Archives/edgar/data/1620280/000095010325009717/,409,y,"[label audit 2026-09-21] WAS BROKEN, NOT A BREAK, NOT A TARGET ROW: Uniti was acquirer in Windstream merger; closed 8-K Item 2.01, acc 0000950103-25-009717. | termination language",,
NURO,"NeuroMetrix, Inc.",1289850,2025-01-23,https://www.sec.gov/Archives/edgar/data/1289850/000149315225003380/,,,"not a merger - asset purchase, NeuroMetrix selling DPNCheck Japan rights to Fukuda Denshi. Company remains public.",4,,CLOSED,5/1/2025,https://www.sec.gov/Archives/edgar/data/1289850/000135445725000373/,98,y,[close audit 2026-09-21] close CONFIRMED: 2.01 completion 8-K + Form 25/15. | Form 25-NSE,,
ITCI,"Intra-Cellular Therapies, Inc.",1567514,2025-01-13,https://www.sec.gov/Archives/edgar/data/1567514/000119312525004990/,132,Johnson & Johnson,all cash. $14.6B equity value,94.87,39.14,CLOSED,4/2/2025,https://www.sec.gov/Archives/edgar/data/1567514/000135445725000272/,79,y,[close audit 2026-09-21] close CONFIRMED: 2.01 completion 8-K + Form 25/15. | Form 25-NSE,All Cash,Strategic
EBTC,ENTERPRISE BANCORP INC /MA/,1018399,2024-12-12,https://www.sec.gov/Archives/edgar/data/1018399/000101839924000086/,,Independent Bank Corp,"Item 5.02 employment agreement amendment, not the announcement. Merger Agreement dated 2024-12-08 with Independent Bank Corp. Bank merger - consideration structure not confirmed.",43.24,,CLOSED,7/1/2025,https://www.sec.gov/Archives/edgar/data/1018399/000135445725000601/,201,y,[close audit 2026-09-21] close CONFIRMED: 2.01 completion 8-K + Form 25/15. | Form 25-NSE,,Strategic
PWOD,PENNS WOODS BANCORP INC,716605,2024-12-20,https://www.sec.gov/Archives/edgar/data/716605/000110465924130506/,,Northwest Bancshares,"all stock, 2.385 NWBI shares per PWOD share. Tax-free reorganization under 368(a). No fixed cash price.",30.18,,CLOSED,7/28/2025,https://www.sec.gov/Archives/edgar/data/716605/000135445725000741/,220,y,[close audit 2026-09-21] close CONFIRMED: 2.01 completion 8-K + Form 25/15. | Form 25-NSE,All Stock,Strategic
PDCO,"PATTERSON COMPANIES, INC.",891024,2024-12-11,https://www.sec.gov/Archives/edgar/data/891024/000119312525009624/,31.35,Patient Square Capital,"all cash $31.35. PE take-private. 49% premium to the 30-day VWAP ending 2024-12-04, the last day before Patterson announced a strategic review. Row previously pointed at the Jan 2025 go-shop expiration.",23.11,35.66,CLOSED,4/17/2025,https://www.sec.gov/Archives/edgar/data/891024/000135445725000337/,86,y,[close audit 2026-09-21] close CONFIRMED: 2.01 completion 8-K + Form 25/15. | Form 25-NSE,All Cash,Private Equity
VOXX,VOXX International Corp,807707,2024-12-17,https://www.sec.gov/Archives/edgar/data/807707/000095017024137633/,7.5,Gentex Corporation,all cash $7.50. Dual-class target - Class A and Class B both receive the same price. (12/17),8,-6.25,CLOSED,4/1/2025,https://www.sec.gov/Archives/edgar/data/807707/000135445725000266/,104,y,[close audit 2026-09-21] close CONFIRMED: 2.01 completion 8-K + Form 25/15. | Form 25-NSE,All Cash,Strategic
IVAC,INTEVAC INC,1001902,2025-02-13,https://www.sec.gov/Archives/edgar/data/1001902/000114036125004163/,4,Seagate Technology Holdings,"all cash $4.00 tender offer, plus a one-time special dividend of $0.052 at closing (effective total $4.052). Regular $0.05 quarterly dividend also paid March 13. Irish acquirer.",3.38,18.34,CLOSED,3/31/2025,https://www.sec.gov/Archives/edgar/data/1001902/000135445725000257/,46,y,[close audit 2026-09-21] close CONFIRMED: 2.01 completion 8-K + Form 25/15. | Form 25-NSE,Tender Offer,Strategic
LGTY,"LOGILITY SUPPLY CHAIN SOLUTIONS, INC",713425,2025-01-24,https://www.sec.gov/Archives/edgar/data/713425/000114036125002221/,14.3,Aptean,all cash $14.30. (2025-01-24),11.26,27.0,CLOSED,4/4/2025,https://www.sec.gov/Archives/edgar/data/713425/000135445725000287/,66,y,[close audit 2026-09-21] close CONFIRMED: 2.01 completion 8-K + Form 25/15. | Form 25-NSE,All Cash,Strategic
ESSA,"ESSA Bancorp, Inc.",1382230,2025-01-10,https://www.sec.gov/Archives/edgar/data/1382230/000119312525004095/,,CNB Financial Corporation,"all stock, 0.8547 CCNE shares per ESSA share. Implied ~$21.10 at announcement based on 10-day VWAP. Tax-free exchange. No fixed cash price.",18.63,,CLOSED,7/24/2025,https://www.sec.gov/Archives/edgar/data/1382230/000135445725000736/,195,y,[close audit 2026-09-21] close CONFIRMED: 2.01 completion 8-K + Form 25/15. | Form 25-NSE,All Stock,Strategic
NVRO,NEVRO CORP,1444380,2025-02-06,https://www.sec.gov/Archives/edgar/data/1444380/000119312525021775/,5.85,Globus Medical,"all cash $5.85. 17% premium to the Feb 5 close, 27% to the 90-day VWAP.",5.02,16.53,CLOSED,4/3/2025,https://www.sec.gov/Archives/edgar/data/1444380/000087666125000257/,56,y,[close audit 2026-09-21] close CONFIRMED: 2.01 completion 8-K + Form 25/15. | Form 25-NSE,All Cash,Strategic
INRE,"Inland Real Estate Income Trust, Inc.",1528985,2024-11-12,https://www.sec.gov/Archives/edgar/data/1528985/000095017024125212/,,,not a merger - real estate management agreement amendment and annual meeting results,12.25,,PENDING,,,,y,no terminal filing after 630 days,,
AMPS,"Altus Power, Inc.",1828723,2025-02-06,https://www.sec.gov/Archives/edgar/data/1828723/000119312525021325/,5,TPG (Rise Climate Transition Infrastructure),"all cash $5.00. PE take-private. Premium quoted as 66% to the Oct 15 2024 unaffected close, before the strategic review announcement.",3.83,30.55,CLOSED,4/16/2025,https://www.sec.gov/Archives/edgar/data/1828723/000087666125000265/,69,y,[close audit 2026-09-21] close CONFIRMED: 2.01 completion 8-K + Form 25/15. | Form 25-NSE,All Cash,Private Equity
THPTF,"Techpoint, Inc.",1556898,2025-01-15,https://www.sec.gov/Archives/edgar/data/1556898/000119312525006663/,,ASMedia Technology,"Techpoint is Delaware-incorporated but listed on the Tokyo Stock Exchange as Japanese Depositary Shares, not on a US exchange. Outside the universe.",,,CLOSED,2025-06-02,https://www.sec.gov/Archives/edgar/data/1556898/000119312525132858/,138,y,"[close audit 2026-09-21] close CONFIRMED: 2.01 completion 8-K + Form 25/15. | [label audit 2026-09-21] WAS BROKEN, NOT A BREAK: merger completed, 8-K Item 2.01 + Form 15; cash status not yet verified, acc 0001193125-25-132858. | termination language",,Strategic
FNA,"Paragon 28, Inc.",1531978,2025-01-29,https://www.sec.gov/Archives/edgar/data/1531978/000095015725000082/,13,Zimmer Biomet,$13.00 cash plus one contingent value right per share. CVR makes total consideration variable - excluded for consistency with STCN and TBPH handling.,12,8.33,CLOSED,4/21/2025,https://www.sec.gov/Archives/edgar/data/1531978/000087666125000276/,82,y,[close audit 2026-09-21] close CONFIRMED: 2.01 completion 8-K + Form 25/15. | Form 25-NSE,,Strategic
TGI,TRIUMPH GROUP INC,1021162,2025-02-02,https://www.sec.gov/Archives/edgar/data/1021162/000114036125008562/,26,Titan BW Acquisition Holdco (Warburg Pincus / Berkshire Partners),"all cash $26.00. PE club deal, Warburg Pincus and Berkshire Partners. Row previously pointed at the March 2025 tax benefits preservation plan amendment.",18.74,38.74,CLOSED,7/25/2025,https://www.sec.gov/Archives/edgar/data/1021162/000087666125000532/,134,y,[close audit 2026-09-21] close CONFIRMED: 2.01 completion 8-K + Form 25/15. | Form 25-NSE,All Cash,Private Equity
ENFN,"Enfusion, Inc.",1868912,2025-01-10,https://www.sec.gov/Archives/edgar/data/1868912/000110465925002843/,,Clearwater Analytics Holdings,"election structure: holders choose Per Share Mixed, Stock, or Cash consideration. No single price. Same exclusion as Emclaire. 2025-01-10",,,CLOSED,4/21/2025,https://www.sec.gov/Archives/edgar/data/1868912/000087666125000277/,98,y,[close audit 2026-09-21] close CONFIRMED: 2.01 completion 8-K + Form 25/15. | Form 25-NSE,Election,Strategic
PLYA,Playa Hotels & Resorts N.V.,1692412,2025-02-09,https://www.sec.gov/Archives/edgar/data/1692412/000119312525023653/,13.5,Hyatt Hotels Corporation,"all cash $13.50 tender offer. Dutch target (N.V.), NASDAQ-listed. Requires an extraordinary general meeting under Dutch law, which sets the offer timeline.2025-02-09",12.94,4.33,CLOSED,6/16/2025,https://www.sec.gov/Archives/edgar/data/1692412/000110465925059872/,126,y,[close audit 2026-09-21] close CONFIRMED: 2.01 completion 8-K + Form 25/15. | Form 25,Tender Offer,Strategic
VCSA,"Vacasa, Inc.",1874944,2024-12-30,https://www.sec.gov/Archives/edgar/data/1874944/000114036125010956/,5.02,Casago Holdings,"row is Amendment No. 2 (removes HSR condition). Original Merger Agreement dated 2024-12-30, amended 2025-03-17 and 2025-03-28. Price not pulled.needs correcting to 2024-12-30",3.81,31.76,CLOSED,5/1/2025,https://www.sec.gov/Archives/edgar/data/1874944/000135445725000367/,34,y,[close audit 2026-09-21] close CONFIRMED: 2.01 completion 8-K + Form 25/15. | Form 25-NSE,,Private Equity
RBBN,Ribbon Communications Inc.,0001708055,2019-11-14,https://www.sec.gov/Archives/edgar/data/1708055/000110465919064368/,,,"filer is the ACQUIRER (buying ECI Telecom, $324M cash + 32.5M shares) -- not target-side, and not cash-only either. Excluded.",,,EXCLUDED,2020-03-03,https://www.sec.gov/Archives/edgar/data/1708055/000110465920028708/,110,y,"[close audit 2026-09-21] WAS CLOSED, NOT PROVEN: completion-type 8-K but no Form 25/15 in window and issuer kept filing: not a delisted take-out of this issuer (acquirer-side / reverse-merger survivor). | 8-K Item 2.01",,
VRT,GS Acquisition Holdings Corp,0001674101,2019-12-10,https://www.sec.gov/Archives/edgar/data/1674101/000119312519309745/,,,"confirmed de-SPAC: GS Acquisition Holdings Corp (SPAC) merging with Vertiv Holdings, ~$5.095B EV, PIPE-financed, no fixed cash price. Worksheet outcome URL was an unrelated Rule 144 notice. Excluded.",,,CLOSED,2021-01-19,https://www.sec.gov/Archives/edgar/data/1674101/000087666121000085/,406,y,[close audit 2026-09-21] close CONFIRMED: 2.01 completion 8-K + Form 25/15; still files periodic reports (SPAC/acquirer/debt registrant). | Form 25-NSE,,
AYR,Aircastle LTD,0001362988,2019-11-07,https://www.sec.gov/Archives/edgar/data/1362988/000110465919061158/,32.00,,"all cash $32.00/share, Marubeni/Mizuho Leasing consortium. Committed financing (Limited Guaranty from Marubeni). Unaffected price is back-calculated from the filing-stated 34% premium to the Oct 23 2019 close, NOT an independently re-pulled quote -- Stooq/Yahoo could not resolve pre-2020 history under ticker AYR (now reused by Ayr Wellness). Outside date not located in fetched exhibit text -- left blank, not guessed.",23.88,34.0,CLOSED,2020-03-27,https://www.sec.gov/Archives/edgar/data/1362988/000114036120007240/,141,y,"[close audit 2026-09-21] close CONFIRMED: 2.01 completion 8-K + Form 25/15; still files periodic reports (SPAC/acquirer/debt registrant). | worksheet outcome URL was a Rule 144 notice, not the closing 8-K -- corrected to the real Item 2.01 filing.",All Cash,
LUMO,NEWLINK GENETICS CORP,0001126234,2019-11-20,https://www.sec.gov/Archives/edgar/data/1126234/000114036119020976/,,,"worksheet URL was Amendment No. 1, not the original 2019-09-30 agreement. Real deal: NewLink Genetics / Lumos Pharma all-stock reverse merger (~50/50 split). No cash price. Excluded.",,,CLOSED,2020-03-18,https://www.sec.gov/Archives/edgar/data/1126234/000114036120006205/,119,y,[close audit 2026-09-21] close CONFIRMED: 2.01 completion 8-K + Form 25/15; still files periodic reports (SPAC/acquirer/debt registrant). | 8-K Item 2.01,,
NWFL,NORWOOD FINANCIAL CORP,0001013272,2020-01-09,https://www.sec.gov/Archives/edgar/data/1013272/000119312520004354/,,,"filer is the ACQUIRER (Norwood Financial acquiring UpState Bancorp) and consideration is a cash/stock election ($33.33 cash or 0.9390 shares, min 10% cash) -- fails target-side and cash-only. Excluded.",,,EXCLUDED,2020-07-07,https://www.sec.gov/Archives/edgar/data/1013272/000119312520188457/,180,y,"[close audit 2026-09-21] WAS CLOSED, NOT PROVEN: completion-type 8-K but no Form 25/15 in window and issuer kept filing: not a delisted take-out of this issuer (acquirer-side / reverse-merger survivor). | 8-K Item 2.01",,
LRMR,"ZAFGEN, INC.",0001374690,2020-03-09,https://www.sec.gov/Archives/edgar/data/1374690/000119312520065288/,,,"worksheet URL was an amendment, not the original 2019-12-18 agreement. Real deal: Zafgen / Chondrial Therapeutics all-stock reverse merger (~60/40 split). No cash price. Excluded.",,,EXCLUDED,2020-06-02,https://www.sec.gov/Archives/edgar/data/1374690/000119312520157924/,85,y,"[close audit 2026-09-21] WAS CLOSED, NOT PROVEN: completion-type 8-K but no Form 25/15 in window and issuer kept filing: not a delisted take-out of this issuer (acquirer-side / reverse-merger survivor). | 8-K Item 2.01",,
CHX,Apergy Corp,0001723089,2019-12-20,https://www.sec.gov/Archives/edgar/data/1723089/000119312519321159/,,,"confirmed Reverse Morris Trust: Ecolab upstream energy business (""Newco"") spun off then merged into Apergy (62/38 stock split). No cash price. Excluded.",,,CLOSED,2020-12-31,https://www.sec.gov/Archives/edgar/data/1723089/000172308920000172/,377,y,[close audit 2026-09-21] close CONFIRMED: 2.01 completion 8-K + Form 25/15; still files periodic reports (SPAC/acquirer/debt registrant). | Form 25,,
HPQ,HP INC,0000047217,2020-02-20,https://www.sec.gov/Archives/edgar/data/47217/000093041320000467/,,,,,,PENDING,,,,,no terminal filing after 2401 days,,
GRYP,Akerna Corp.,0001755953,2020-03-03,https://www.sec.gov/Archives/edgar/data/1755953/000121390020005249/,,,"ticker mismatch -- Akerna's real ticker is KERN, stated in its own filings. CIK 1755953's filings are Akerna ACQUIRING Ample Organics (Akerna is acquirer). No genuine GRYP cash merger exists under this CIK. Excluded.",,,EXCLUDED,2020-07-08,https://www.sec.gov/Archives/edgar/data/1755953/000121390020016993/,127,y,"[close audit 2026-09-21] WAS CLOSED, NOT PROVEN: completion-type 8-K but no Form 25/15 in window and issuer kept filing: not a delisted take-out of this issuer (acquirer-side / reverse-merger survivor). | 8-K Item 2.01",,
IFF,INTERNATIONAL FLAVORS & FRAGRANCES INC,0000051253,2019-12-18,https://www.sec.gov/Archives/edgar/data/51253/000119312519316726/,,,"confirmed Reverse Morris Trust: DuPont Nutrition & Biosciences spun into N&Bco then merged into IFF subsidiaries; DuPont holders end up owning ~55.4% of IFF. All-stock, IFF is the surviving/acquiring entity. Worksheet outcome URL was an unrelated TEU-conversion notice. Excluded.",,,CLOSED,2021-09-15,https://www.sec.gov/Archives/edgar/data/51253/000087666121001328/,637,y,[close audit 2026-09-21] close CONFIRMED: 2.01 completion 8-K + Form 25/15; still files periodic reports (SPAC/acquirer/debt registrant). | Form 25-NSE,,
TIOG,"MICT, Inc.",0000854800,2020-04-06,https://www.sec.gov/Archives/edgar/data/854800/000121390020008673/,,,"ticker mismatch -- CIK 854800 is MICT, Inc. (Nasdaq: MICT); ""TIOG"" appears nowhere in these filings. Underlying filing also shows MICT as ACQUIRER of GFH Intermediate Holdings via a $25M convertible note, non-cash. Excluded on identity, direction, and consideration.",,,EXCLUDED,2020-07-08,https://www.sec.gov/Archives/edgar/data/854800/000121390020016990/,93,y,"[close audit 2026-09-21] WAS CLOSED, NOT PROVEN: completion-type 8-K but no Form 25/15 in window and issuer kept filing: not a delisted take-out of this issuer (acquirer-side / reverse-merger survivor). | 8-K Item 2.01",,
TTCFQ,Forum Merger II Corp,0001741231,2020-08-11,https://www.sec.gov/Archives/edgar/data/1741231/000121390020021451/,,,"confirmed de-SPAC: Forum Merger II Corp merging with Myjojo Inc. (""Ittella""/Tattooed Chef), stock-for-stock into the SPAC shell. No cash price. Excluded.",,,CLOSED,2020-10-15,https://www.sec.gov/Archives/edgar/data/1741231/000135445720000597/,65,y,[close audit 2026-09-21] close CONFIRMED: 2.01 completion 8-K + Form 25/15; still files periodic reports (SPAC/acquirer/debt registrant). | Form 25-NSE,,
NRDE,DiamondPeak Holdings Corp.,0001759546,2020-08-03,https://www.sec.gov/Archives/edgar/data/1759546/000121390020019762/,,,"confirmed de-SPAC: DiamondPeak Holdings Corp merging with Lordstown Motors, stock consideration ($10.00/share reference) plus PIPE. No cash price. Excluded.",,,CLOSED,2020-10-23,https://www.sec.gov/Archives/edgar/data/1759546/000135445720000624/,81,y,[close audit 2026-09-21] close CONFIRMED: 2.01 completion 8-K + Form 25/15; still files periodic reports (SPAC/acquirer/debt registrant). | Form 25-NSE,,
COGT,"Cogent Biosciences, Inc.",0001622229,2020-07-06,https://www.sec.gov/Archives/edgar/data/1622229/000119312520187492/,,,"filer (then Unum Therapeutics, now Cogent Biosciences) is the ACQUIRER of private Kiq Bio LLC via reverse merger, stock + preferred consideration, no cash price. Worksheet outcome URL was an unrelated asset-sale filing (BOXR technology to SOTIO). Excluded.",,,EXCLUDED,2020-09-03,https://www.sec.gov/Archives/edgar/data/1622229/000119312520239042/,59,y,"[close audit 2026-09-21] WAS CLOSED, NOT PROVEN: completion-type 8-K but no Form 25/15 in window and issuer kept filing: not a delisted take-out of this issuer (acquirer-side / reverse-merger survivor). | 8-K Item 2.01",,
SUNWQ,"Sunworks, Inc.",0001172631,2020-08-10,https://www.sec.gov/Archives/edgar/data/1172631/000149315220015128/,,,"all-stock deal (0.185171 Peck Company shares per Sunworks share, cash only for fractional rounding) -- fails cash-only regardless of outcome. Outcome label (BROKEN, failed shareholder quorum) is independently correct but moot. Excluded.",,,BROKEN,2020-11-12,https://www.sec.gov/Archives/edgar/data/1172631/000149315220021138/,94,y,"[label audit 2026-09-21] BREAK CONFIRMED, Item 1.02 acc 0001493152-20-021138: stockholders did not approve; Company terminated. Old outcome_date 2020-11-12. | termination language",,
OPEN,Social Capital Hedosophia Holdings Corp. II,0001801169,2020-09-15,https://www.sec.gov/Archives/edgar/data/1801169/000110465920105058/,,,"confirmed de-SPAC: Social Capital Hedosophia Holdings Corp II merging with Opendoor Labs, $5B valuation, stock-for-stock. No cash price. Excluded.",,,EXCLUDED,2020-12-18,https://www.sec.gov/Archives/edgar/data/1801169/000110465920137257/,94,y,"[close audit 2026-09-21] WAS CLOSED, NOT PROVEN: Form 25 alone; no completion 8-K and issuer kept filing 10-K/10-Q afterwards. | Form 25",,
CLOV,Social Capital Hedosophia Holdings Corp. III,0001801170,2020-11-19,https://www.sec.gov/Archives/edgar/data/1801170/000119312520297567/,,,"confirmed de-SPAC: Social Capital Hedosophia Holdings Corp III merging with Clover Health, stock-for-stock. No cash price. Excluded.",,,CLOSED,2021-01-07,https://www.sec.gov/Archives/edgar/data/1801170/000119312521004059/,49,y,[close audit 2026-09-21] close CONFIRMED: 2.01 completion 8-K + Form 25/15; still files periodic reports (SPAC/acquirer/debt registrant). | Form 25,,
BBIO,"BridgeBio Pharma, Inc.",0001743881,2020-10-06,https://www.sec.gov/Archives/edgar/data/1743881/000119312520264837/,,,"filer (BridgeBio Pharma) is the ACQUIRER of Eidos Therapeutics (stock/cash election, capped cash) -- BridgeBio itself was never acquired. Excluded on direction and consideration.",,,EXCLUDED,2021-01-26,https://www.sec.gov/Archives/edgar/data/1743881/000119312521017108/,112,y,"[close audit 2026-09-21] WAS CLOSED, NOT PROVEN: completion-type 8-K but no Form 25/15 in window and issuer kept filing: not a delisted take-out of this issuer (acquirer-side / reverse-merger survivor). | 8-K Item 2.01",,
TXNM,PNM RESOURCES INC,0001108426,2020-10-28,https://www.sec.gov/Archives/edgar/data/1108426/000119312520279930/,50.30,,"all cash $50.30/share, Avangrid/Iberdrola acquiring PNM Resources. Announced 2020-10-21 (agreement dated 10-20), not 10-28 as worksheet had it. Heavy multi-regulator deal (NM PRC, TX PUC, FERC, HSR, NRC, CFIUS via Iberdrola/Spain) -- NM PRC rejection is what ultimately killed it after 3+ years. Committed financing (Iberdrola parent guarantee, not conditioned on Avangrid financing). Outside date at signing: 2022-01-20, extendable 3mo by either party.",45.74,9.97,BROKEN,2023-12-31,https://www.sec.gov/Archives/edgar/data/1108426/000110842624000002/,1159,y,"[label audit 2026-09-21] BREAK CONFIRMED, Item 1.02 acc 0001108426-24-000002: Avangrid terminated at End Date; agreement dated 2020-10-20. Old outcome_date 2023-12-31. | worksheet outcome URL (2022 extension/appeal filing) was NOT the termination -- deal was still alive 2 more years. Corrected to the real Item 1.02 termination 8-K, filed 2024-01-02, terminated by Avangrid 2023-12-31.",All Cash,
IBRX,"NantKwest, Inc.",0001326110,2020-12-22,https://www.sec.gov/Archives/edgar/data/1326110/000119312520323766/,,,"all-stock merger: NantKwest / ImmunityBio, each ImmunityBio share converts to 0.8190 NantKwest shares (cash only for fractional rounding). No cash buyout of any target. Excluded.",,,EXCLUDED,2021-03-10,https://www.sec.gov/Archives/edgar/data/1326110/000119312521075243/,78,y,"[close audit 2026-09-21] WAS CLOSED, NOT PROVEN: completion-type 8-K but no Form 25/15 in window and issuer kept filing: not a delisted take-out of this issuer (acquirer-side / reverse-merger survivor). | 8-K Item 2.01",,
SPWH,"SPORTSMAN'S WAREHOUSE HOLDINGS, INC.",0001132105,2021-02-05,https://www.sec.gov/Archives/edgar/data/1132105/000110465921013040/,,,,,,PENDING,,,,,no terminal filing after 2050 days,,
TDY,TELEDYNE TECHNOLOGIES INC,0001094285,2021-03-08,https://www.sec.gov/Archives/edgar/data/1094285/000119312521072356/,,,"filer (Teledyne) is the ACQUIRER of FLIR Systems, and consideration is cash+stock ($28.00 cash + 0.0718 Teledyne shares per FLIR share) -- fails direction and cash-only. Also the given 2021-03-08 8-K was a senior-notes-offering filing, not the real Jan 4 2021 announcement. Excluded on three independent grounds.",,,EXCLUDED,2021-05-14,https://www.sec.gov/Archives/edgar/data/1094285/000119312521161542/,67,y,"[close audit 2026-09-21] WAS CLOSED, NOT PROVEN: completion-type 8-K but no Form 25/15 in window and issuer kept filing: not a delisted take-out of this issuer (acquirer-side / reverse-merger survivor). | 8-K Item 2.01",,
MX,MAGNACHIP SEMICONDUCTOR Corp,0001325702,2021-03-29,https://www.sec.gov/Archives/edgar/data/1325702/000119312521097514/,29.00,,"all cash $29.00/share, MagnaChip Semiconductor / Wise Road Capital (South Dearborn Limited, China-linked PE). CFIUS was the central risk from signing (China CITIC Bank standby LC backing the deal) and is what killed it. Committed equity financing at signing, not conditioned on financing. Outside date at signing: 2021-09-25, extendable to 2021-12-25 then 2022-03-25.",20.41,42.09,BROKEN,2021-12-20,https://www.sec.gov/Archives/edgar/data/1325702/000119312521363713/,266,y,"[label audit 2026-09-21] BREAK CONFIRMED, Item 1.02 acc 0001193125-21-363713: Termination and Settlement Agreement, $51M fee; agreement dated 2021-03-25. Old outcome_date 2021-12-13. | worksheet outcome URL was a May 2021 CFIUS-refiling procedural notice, not the termination -- deal was still alive 6.5 more months. Corrected to the real Item 1.02 termination 8-K, filed 2021-12-14, event date 2021-12-13.",All Cash,
SNX,SYNNEX CORP,0001177394,2021-03-22,https://www.sec.gov/Archives/edgar/data/1177394/000119312521089568/,,,consideration is cash+stock (~$1.61B cash + 44M shares for Tiger Parent/Tech Data) and Synnex is structurally the acquirer/surviving entity -- fails cash-only and direction. Worksheet's claimed BROKEN outcome is also false; deal closed Sept 2021 as TD Synnex. Excluded regardless.,,,EXCLUDED,2021-09-02,https://www.sec.gov/Archives/edgar/data/1177394/000119312521264521/,164,y,"[label audit 2026-09-21] WAS BROKEN, NOT A BREAK, NOT A TARGET ROW: SYNNEX was acquirer in Concentrix merger; closed 8-K Item 2.01, acc 0001193125-21-264521. | termination language",,
ELMSQ,Forum Merger III Corp,0001784168,2021-05-07,https://www.sec.gov/Archives/edgar/data/1784168/000121390021025170/,,,,,,CLOSED,2021-06-25,https://www.sec.gov/Archives/edgar/data/1784168/000135445721000712/,49,,[close audit 2026-09-21] close CONFIRMED: 2.01 completion 8-K + Form 25/15; still files periodic reports (SPAC/acquirer/debt registrant). | Form 25-NSE,,
HGV,Hilton Grand Vacations Inc.,0001674168,2021-06-15,https://www.sec.gov/Archives/edgar/data/1674168/000119312521190378/,,,,,,EXCLUDED,2021-08-03,https://www.sec.gov/Archives/edgar/data/1674168/000119312521235002/,49,y,"[label audit 2026-09-21] WAS BROKEN, NOT A BREAK, NOT A TARGET ROW: HGV was acquirer of Diamond Resorts; closed 8-K Item 2.01, acc 0001193125-21-235002. | termination language",,
ONDS,Ondas Holdings Inc.,0001646188,2021-07-01,https://www.sec.gov/Archives/edgar/data/1646188/000121390021035290/,,,,,,EXCLUDED,2021-08-09,https://www.sec.gov/Archives/edgar/data/1646188/000121390021040935/,39,,"[close audit 2026-09-21] WAS CLOSED, NOT PROVEN: completion-type 8-K but no Form 25/15 in window and issuer kept filing: not a delisted take-out of this issuer (acquirer-side / reverse-merger survivor). | 8-K Item 2.01",,
SWN,SOUTHWESTERN ENERGY CO,0000007332,2021-07-02,https://www.sec.gov/Archives/edgar/data/7332/000000733221000046/,,,,,,EXCLUDED,2021-09-01,https://www.sec.gov/Archives/edgar/data/7332/000000733221000073/,61,y,"[label audit 2026-09-21] WAS BROKEN, NOT A BREAK, NOT A TARGET ROW: SWN was acquirer of Indigo/GEP; closed 8-K Item 2.01, acc 0000007332-21-000073. | termination language",,
FIVN,"Five9, Inc.",0001288847,2021-07-19,https://www.sec.gov/Archives/edgar/data/1288847/000119312521217962/,,,,,,BROKEN,2021-09-30,https://www.sec.gov/Archives/edgar/data/1288847/000119312521289272/,73,y,"[label audit 2026-09-21] BREAK CONFIRMED, Item 1.02 acc 0001193125-21-289272: stockholders did not approve; mutual termination; agreement dated 2021-07-16. Old outcome_date 2021-10-01. | termination language",,
VTNR,Vertex Energy Inc.,0000890447,2021-03-05,https://www.sec.gov/Archives/edgar/data/890447/000158069521000047/,,,,,,EXCLUDED,2022-04-07,https://www.sec.gov/Archives/edgar/data/890447/000158069522000037/,398,,"[close audit 2026-09-21] WAS CLOSED, NOT PROVEN: Form 25 alone; no completion 8-K and issuer kept filing 10-K/10-Q afterwards. | 8-K Item 2.01",,
GEN,NortonLifeLock Inc.,0000849399,2021-08-10,https://www.sec.gov/Archives/edgar/data/849399/000110465921102969/,,,,,,EXCLUDED,2022-09-12,https://www.sec.gov/Archives/edgar/data/849399/000110465922099111/,398,,"[close audit 2026-09-21] WAS CLOSED, NOT PROVEN: completion-type 8-K but no Form 25/15 in window and issuer kept filing: not a delisted take-out of this issuer (acquirer-side / reverse-merger survivor). | 8-K Item 2.01",,
NOTV,"Inotiv, Inc.",0000720154,2021-09-21,https://www.sec.gov/Archives/edgar/data/720154/000110465921117686/,,,,,,CLOSED,2021-11-05,https://www.sec.gov/Archives/edgar/data/720154/000155837021014866/,45,,[close audit 2026-09-21] close CONFIRMED: 2.01 completion 8-K + Form 25/15; still files periodic reports (SPAC/acquirer/debt registrant). | 8-K Item 2.01,,
INOV,"Inovalon Holdings, Inc.",0001619954,2021-10-08,https://www.sec.gov/Archives/edgar/data/1619954/000161995421000126/,,,,,,CLOSED,2021-11-24,https://www.sec.gov/Archives/edgar/data/1619954/000135445721001376/,47,,[close audit 2026-09-21] close CONFIRMED: 2.01 completion 8-K + Form 25/15. | Form 25-NSE,,
ROG,ROGERS CORP,0000084748,2021-11-02,https://www.sec.gov/Archives/edgar/data/84748/000008474821000063/,,,,,,BROKEN,2022-11-01,https://www.sec.gov/Archives/edgar/data/84748/000008474822000037/,364,y,"[label audit 2026-09-21] BREAK CONFIRMED, Item 1.02 acc 0000084748-22-000037: SAMR approval not received by Outside Date; $162.5M regulatory fee; agreement dated 2021-11-01. Old outcome_date 2022-11-03. | termination language",,
IONI,I-ON Digital Corp.,0001580490,2022-01-04,https://www.sec.gov/Archives/edgar/data/1580490/000114036122000520/,,,,,,EXCLUDED,2023-01-23,https://www.sec.gov/Archives/edgar/data/1580490/000114036123002433/,384,,"[close audit 2026-09-21] WAS CLOSED, NOT PROVEN: completion-type 8-K but no Form 25/15 in window and issuer kept filing: not a delisted take-out of this issuer (acquirer-side / reverse-merger survivor). | 8-K Item 2.01",,
BRBR,"BELLRING BRANDS, INC.",0001772016,2021-10-27,https://www.sec.gov/Archives/edgar/data/1772016/000119312521308736/,,,,,,EXCLUDED,2022-03-11,https://www.sec.gov/Archives/edgar/data/1772016/000087666122000271/,135,,"[close audit 2026-09-21] WAS CLOSED, NOT PROVEN: Form 25 alone; no completion 8-K and issuer kept filing 10-K/10-Q afterwards. | Form 25-NSE",,
DSGR,LAWSON PRODUCTS INC/NEW/DE/,0000703604,2022-01-04,https://www.sec.gov/Archives/edgar/data/703604/000119312522001102/,,,,,,EXCLUDED,2022-04-04,https://www.sec.gov/Archives/edgar/data/703604/000119312522095177/,90,y,"[label audit 2026-09-21] WAS BROKEN, NOT A BREAK, NOT A TARGET ROW: Lawson Products was acquirer in DSG merger; closed 8-K Item 2.01, acc 0001193125-22-095177. | termination language",,
NUTX,"Clinigence Holdings, Inc.",0001479681,2021-11-24,https://www.sec.gov/Archives/edgar/data/1479681/000160706221000563/,,,,,,EXCLUDED,2022-04-04,https://www.sec.gov/Archives/edgar/data/1479681/000160706222000244/,131,,"[close audit 2026-09-21] WAS CLOSED, NOT PROVEN: completion-type 8-K but no Form 25/15 in window and issuer kept filing: not a delisted take-out of this issuer (acquirer-side / reverse-merger survivor). | 8-K Item 2.01",,
SWX,"Southwest Gas Holdings, Inc.",0001692115,2021-10-12,https://www.sec.gov/Archives/edgar/data/1692115/000119312521296267/,,,,,,EXCLUDED,2023-01-13,https://www.sec.gov/Archives/edgar/data/1692115/000087666123000048/,458,,[dedupe 2026-09-21] DUPLICATE row of the same deal (same CIK and announced date); counted once on another row. | [close audit 2026-09-21] close CONFIRMED: 2.01 completion 8-K + Form 25/15; still files periodic reports (SPAC/acquirer/debt registrant). | Form 25-NSE,,
VVX,"Vectrus, Inc.",0001601548,2022-03-08,https://www.sec.gov/Archives/edgar/data/1601548/000160154822000020/,,,,,,EXCLUDED,2022-07-05,https://www.sec.gov/Archives/edgar/data/1601548/000110465922077110/,119,,"[close audit 2026-09-21] WAS CLOSED, NOT PROVEN: completion-type 8-K but no Form 25/15 in window and issuer kept filing: not a delisted take-out of this issuer (acquirer-side / reverse-merger survivor). | 8-K Item 2.01",,
TXMD,"TherapeuticsMD, Inc.",0000025743,2022-06-03,https://www.sec.gov/Archives/edgar/data/25743/000156459022022465/,,,,,,BROKEN,2022-07-13,https://www.sec.gov/Archives/edgar/data/25743/000119312522193376/,40,y,"[close audit 2026-09-21] WAS CLOSED, ACTUALLY BROKE (Item 1.02 acc 0001193125-22-193376): tender offer expired without majority; Company terminated the merger agreement. | 8-K Item 2.01",,
VANI,SECOND SIGHT MEDICAL PRODUCTS INC,0001266806,2022-06-21,https://www.sec.gov/Archives/edgar/data/1266806/000175392622000879/,,,,,,EXCLUDED,2022-09-08,https://www.sec.gov/Archives/edgar/data/1266806/000175392622001240/,79,,"[close audit 2026-09-21] WAS CLOSED, NOT PROVEN: Form 25 alone; no completion 8-K and issuer kept filing 10-K/10-Q afterwards. | Form 25",,
NEOG,NEOGEN CORP,0000711377,2021-12-15,https://www.sec.gov/Archives/edgar/data/711377/000119312521357430/,,,,,,EXCLUDED,2022-09-01,https://www.sec.gov/Archives/edgar/data/711377/000114036122032001/,260,,"[close audit 2026-09-21] WAS CLOSED, NOT PROVEN: completion-type 8-K but no Form 25/15 in window and issuer kept filing: not a delisted take-out of this issuer (acquirer-side / reverse-merger survivor). | 8-K Item 2.01",,
RBCN,"Rubicon Technology, Inc.",0001410172,2022-07-05,https://www.sec.gov/Archives/edgar/data/1410172/000121390022037059/,,,,,,EXCLUDED,2022-12-23,https://www.sec.gov/Archives/edgar/data/1410172/000121390022082632/,171,,[dedupe 2026-09-21] DUPLICATE row of the same deal (same CIK and announced date); counted once on another row. | [close audit 2026-09-21] close CONFIRMED: 2.01 completion 8-K + Form 25/15. | Form 25,,
PR,"Centennial Resource Development, Inc.",0001658566,2022-05-19,https://www.sec.gov/Archives/edgar/data/1658566/000119312522154483/,,,,,,CLOSED,2022-09-12,https://www.sec.gov/Archives/edgar/data/1658566/000119312522242336/,116,,[close audit 2026-09-21] close CONFIRMED: 2.01 completion 8-K + Form 25/15; still files periodic reports (SPAC/acquirer/debt registrant). | Form 25,,
GIGA,GIGA TRONICS INC,0000719274,2021-12-29,https://www.sec.gov/Archives/edgar/data/719274/000143774921029358/,,,,,,EXCLUDED,2022-09-14,https://www.sec.gov/Archives/edgar/data/719274/000095017022018484/,259,,"[close audit 2026-09-21] WAS CLOSED, NOT PROVEN: completion-type 8-K but no Form 25/15 in window and issuer kept filing: not a delisted take-out of this issuer (acquirer-side / reverse-merger survivor). | 8-K Item 2.01",,
SAVE,"Spirit Airlines, Inc.",0001498710,2022-07-28,https://www.sec.gov/Archives/edgar/data/1498710/000119312522204192/,,,,,,BROKEN,2024-03-04,https://www.sec.gov/Archives/edgar/data/1498710/000149871024000124/,585,y,"[close audit 2026-09-21] WAS CLOSED, ACTUALLY BROKE (Item 1.02 acc 0001498710-24-000124): Termination Agreement with JetBlue, $69M paid to Spirit; the 2024-12-05 Form 25 cannot be this merger's close because the merger agreement was terminated 2024-03-04 (cause of that Form 25 not read). | Form 25-NSE",,
SPRY,"Silverback Therapeutics, Inc.",0001671858,2022-07-21,https://www.sec.gov/Archives/edgar/data/1671858/000119312522199246/,,,,,,EXCLUDED,2022-11-08,https://www.sec.gov/Archives/edgar/data/1671858/000119312522280241/,110,y,"[close audit 2026-09-21] WAS CLOSED, NOT PROVEN: completion-type 8-K but no Form 25/15 in window and issuer kept filing: not a delisted take-out of this issuer (acquirer-side / reverse-merger survivor). | [label audit 2026-09-21] WAS BROKEN, NOT A BREAK: reverse merger with ARS Pharma (stock), 8-K Item 2.01, acc 0001193125-22-280241. | termination language",,
SLDB,Solid Biosciences Inc.,0001707502,2022-09-30,https://www.sec.gov/Archives/edgar/data/1707502/000119312522254807/,,,,,,EXCLUDED,2022-12-05,https://www.sec.gov/Archives/edgar/data/1707502/000119312522298016/,66,y,"[label audit 2026-09-21] WAS BROKEN, NOT A BREAK, NOT A TARGET ROW: Solid was acquirer of AavantiBio; closed 8-K Item 2.01, acc 0001193125-22-298016. | termination language",,
CATX,"Isoray, Inc.",0000728387,2022-10-24,https://www.sec.gov/Archives/edgar/data/728387/000143774922024622/,,,,,,EXCLUDED,2023-02-06,https://www.sec.gov/Archives/edgar/data/728387/000143774923002543/,105,,"[close audit 2026-09-21] WAS CLOSED, NOT PROVEN: completion-type 8-K but no Form 25/15 in window and issuer kept filing: not a delisted take-out of this issuer (acquirer-side / reverse-merger survivor). | 8-K Item 2.01",,
TALO,TALOS ENERGY INC.,0001724965,2022-12-27,https://www.sec.gov/Archives/edgar/data/1724965/000119312522312634/,,,,,,EXCLUDED,2024-12-18,https://www.sec.gov/Archives/edgar/data/1724965/000087666124001187/,722,,[dedupe 2026-09-21] DUPLICATE row of the same deal (same CIK and announced date); counted once on another row. | [close audit 2026-09-21] close CONFIRMED: 2.01 completion 8-K + Form 25/15; still files periodic reports (SPAC/acquirer/debt registrant). | Form 25-NSE,,
CALC,"GRAYBUG VISION, INC.",0001534133,2023-02-09,https://www.sec.gov/Archives/edgar/data/1534133/000119312523030003/,,,,,,EXCLUDED,2023-02-16,https://www.sec.gov/Archives/edgar/data/1534133/000119312523041092/,7,,[label audit 2026-09-21] DUPLICATE row (same CIK and deal as an earlier row); was BROKEN. | termination language,,
DMKPQ,Adamis Pharmaceuticals Corp,0000887247,2023-03-17,https://www.sec.gov/Archives/edgar/data/887247/000138713123003545/,,,,,,EXCLUDED,2024-03-21,https://www.sec.gov/Archives/edgar/data/887247/000135445724000194/,370,,[dedupe 2026-09-21] DUPLICATE row of the same deal (same CIK and announced date); counted once on another row. | [close audit 2026-09-21] close CONFIRMED: 2.01 completion 8-K + Form 25/15. | Form 25-NSE,,
DTGI,"Digerati Technologies, Inc.",0001014052,2023-03-14,https://www.sec.gov/Archives/edgar/data/1014052/000121390023019905/,,,,,,PENDING,,,,,no terminal filing after 1283 days,,
DM,"Desktop Metal, Inc.",0001754820,2023-05-30,https://www.sec.gov/Archives/edgar/data/1754820/000110465923065705/,,,,,,BROKEN,2023-09-28,https://www.sec.gov/Archives/edgar/data/1754820/000110465923105007/,121,y,"[close audit 2026-09-21] WAS CLOSED, ACTUALLY BROKE (Item 1.02 acc 0001104659-23-105007): Stratasys shareholders did not approve; Stratasys sent notice of termination. | Form 25-NSE",,
NYC,American Strategic Investment Co.,0001595527,2023-05-30,https://www.sec.gov/Archives/edgar/data/1595527/000110465923066185/,,,,,,PENDING,,,,,no terminal filing after 1206 days,,
FLEX,FLEX LTD.,0000866374,2023-10-25,https://www.sec.gov/Archives/edgar/data/866374/000086637423000063/,,,,,,EXCLUDED,2024-01-02,https://www.sec.gov/Archives/edgar/data/866374/000086637424000005/,69,,"[close audit 2026-09-21] WAS CLOSED, NOT PROVEN: completion-type 8-K but no Form 25/15 in window and issuer kept filing: not a delisted take-out of this issuer (acquirer-side / reverse-merger survivor). | 8-K Item 2.01",,
STI,Nubia Brand International Corp.,0001881551,2023-10-16,https://www.sec.gov/Archives/edgar/data/1881551/000101376223003931/,,,,,,EXCLUDED,2024-02-02,https://www.sec.gov/Archives/edgar/data/1881551/000135445724000046/,109,,[dedupe 2026-09-21] DUPLICATE row of the same deal (same CIK and announced date); counted once on another row. | [close audit 2026-09-21] close CONFIRMED: 2.01 completion 8-K + Form 25/15; still files periodic reports (SPAC/acquirer/debt registrant). | Form 25-NSE,,
CRLKP,SP Plus Corp,0001059262,2023-10-05,https://www.sec.gov/Archives/edgar/data/1059262/000119312523251150/,,,,,,EXCLUDED,2024-05-16,https://www.sec.gov/Archives/edgar/data/1059262/000135445724000351/,224,,[dedupe 2026-09-21] DUPLICATE row of the same deal (same CIK and announced date); counted once on another row. | [close audit 2026-09-21] close CONFIRMED: 2.01 completion 8-K + Form 25/15. | Form 25-NSE,,
SNWV,"SANUWAVE Health, Inc.",0001417663,2023-08-23,https://www.sec.gov/Archives/edgar/data/1417663/000114036123041023/,,,,,,EXCLUDED,2023-09-25,https://www.sec.gov/Archives/edgar/data/1417663/000114036123045100/,33,,[label audit 2026-09-21] DUPLICATE row (same CIK and deal as an earlier row); was BROKEN. | termination language,,
JVA,COFFEE HOLDING CO INC,0001007019,2024-01-04,https://www.sec.gov/Archives/edgar/data/1007019/000149315224001093/,,,,,,EXCLUDED,2024-06-24,https://www.sec.gov/Archives/edgar/data/1007019/000149315224024882/,172,,[label audit 2026-09-21] DUPLICATE row (same CIK and deal as an earlier row); was BROKEN. | termination language,,
VIASP,"Via Renewables, Inc.",0001606268,2024-01-02,https://www.sec.gov/Archives/edgar/data/1606268/000165495424000016/,,,,,,CLOSED,2024-06-13,https://www.sec.gov/Archives/edgar/data/1606268/000135445724000404/,163,,[close audit 2026-09-21] close CONFIRMED: 2.01 completion 8-K + Form 25/15; still files periodic reports (SPAC/acquirer/debt registrant). | Form 25-NSE,,
FANG,"Diamondback Energy, Inc.",0001539838,2024-03-06,https://www.sec.gov/Archives/edgar/data/1539838/000114036124011751/,,,,,,EXCLUDED,2024-09-10,https://www.sec.gov/Archives/edgar/data/1539838/000114036124040726/,188,,"[close audit 2026-09-21] WAS CLOSED, NOT PROVEN: completion-type 8-K but no Form 25/15 in window and issuer kept filing: not a delisted take-out of this issuer (acquirer-side / reverse-merger survivor). | 8-K Item 2.01",,
ANSS,ANSYS INC,0001013462,2024-01-16,https://www.sec.gov/Archives/edgar/data/1013462/000119312524008112/,,,,,,EXCLUDED,2025-07-17,https://www.sec.gov/Archives/edgar/data/1013462/000135445725000689/,548,,[dedupe 2026-09-21] DUPLICATE row of the same deal (same CIK and announced date); counted once on another row. | [close audit 2026-09-21] close CONFIRMED: 2.01 completion 8-K + Form 25/15. | Form 25-NSE,,
TEL,TE Connectivity Ltd.,0001385157,2024-03-18,https://www.sec.gov/Archives/edgar/data/1385157/000110465924035560/,,,,,,EXCLUDED,2024-09-30,https://www.sec.gov/Archives/edgar/data/1385157/000087666124000890/,196,,"[close audit 2026-09-21] WAS CLOSED, NOT PROVEN: Form 25 alone; no completion 8-K and issuer kept filing 10-K/10-Q afterwards. | Form 25-NSE",,
HES,HESS CORP,0000004447,2023-10-23,https://www.sec.gov/Archives/edgar/data/4447/000119312523260801/,,,,,,EXCLUDED,2025-07-18,https://www.sec.gov/Archives/edgar/data/4447/000087666125000523/,634,,[dedupe 2026-09-21] DUPLICATE row of the same deal (same CIK and announced date); counted once on another row. | [close audit 2026-09-21] close CONFIRMED: 2.01 completion 8-K + Form 25/15. | Form 25-NSE,,
HMST,"HomeStreet, Inc.",0001518715,2024-04-30,https://www.sec.gov/Archives/edgar/data/1518715/000151871524000108/,,,,,,BROKEN,2024-11-18,https://www.sec.gov/Archives/edgar/data/1518715/000151871524000184/,202,y,"[close audit 2026-09-21] WAS CLOSED, ACTUALLY BROKE (Item 1.02 acc 0001518715-24-000184): mutual termination with FirstSun (deal originally announced 2024-01-16); HomeStreet remained public. | 8-K Item 2.01",,
MRDB,MariaDB plc,0001929589,2024-01-11,https://www.sec.gov/Archives/edgar/data/1929589/000192958924000004/,,,,,,EXCLUDED,2024-08-26,https://www.sec.gov/Archives/edgar/data/1929589/000087666124000803/,228,,[dedupe 2026-09-21] DUPLICATE row of the same deal (same CIK and announced date); counted once on another row. | [close audit 2026-09-21] close CONFIRMED: Form 25/15 and no later periodic filings (genuine delisting); no closing-language 8-K matched. | Form 25-NSE,,
ELYM,"Eliem Therapeutics, Inc.",0001768446,2024-04-11,https://www.sec.gov/Archives/edgar/data/1768446/000119312524092520/,,,,,,EXCLUDED,2024-06-27,https://www.sec.gov/Archives/edgar/data/1768446/000119312524170599/,77,,"[close audit 2026-09-21] WAS CLOSED, NOT PROVEN: completion-type 8-K but no Form 25/15 in window and issuer kept filing: not a delisted take-out of this issuer (acquirer-side / reverse-merger survivor). | 8-K Item 2.01",,
EQTNP,Equitrans Midstream Corp,0001747009,2024-03-11,https://www.sec.gov/Archives/edgar/data/1747009/000110465924032682/,,,,,,EXCLUDED,2024-07-22,https://www.sec.gov/Archives/edgar/data/1747009/000087666124000595/,133,,[dedupe 2026-09-21] DUPLICATE row of the same deal (same CIK and announced date); counted once on another row. | [close audit 2026-09-21] close CONFIRMED: 2.01 completion 8-K + Form 25/15. | Form 25-NSE,,
MGRC,MCGRATH RENTCORP,0000752714,2024-01-29,https://www.sec.gov/Archives/edgar/data/752714/000119312524017316/,,,,,,EXCLUDED,2024-02-22,https://www.sec.gov/Archives/edgar/data/752714/000119312524041695/,24,,[label audit 2026-09-21] DUPLICATE row (same CIK and deal as an earlier row); was BROKEN. | termination language,,
MTTR,"Matterport, Inc./DE",0001819394,2024-04-22,https://www.sec.gov/Archives/edgar/data/1819394/000110465924049761/,,,,,,EXCLUDED,2025-02-28,https://www.sec.gov/Archives/edgar/data/1819394/000135445725000149/,312,,[dedupe 2026-09-21] DUPLICATE row of the same deal (same CIK and announced date); counted once on another row. | [close audit 2026-09-21] close CONFIRMED: 2.01 completion 8-K + Form 25/15. | Form 25-NSE,,
TRXDW,"ASENSUS SURGICAL, INC.",0000876378,2024-06-07,https://www.sec.gov/Archives/edgar/data/876378/000143774924019546/,,,,,,EXCLUDED,2024-08-22,https://www.sec.gov/Archives/edgar/data/876378/000114331324000087/,76,,[dedupe 2026-09-21] DUPLICATE row of the same deal (same CIK and announced date); counted once on another row. | [close audit 2026-09-21] close CONFIRMED: 2.01 completion 8-K + Form 25/15. | Form 25-NSE,,
SRCL,STERICYCLE INC,0000861878,2024-06-03,https://www.sec.gov/Archives/edgar/data/861878/000119312524152384/,,,,,,CLOSED,2024-11-04,https://www.sec.gov/Archives/edgar/data/861878/000135445724000847/,154,,[close audit 2026-09-21] close CONFIRMED: 2.01 completion 8-K + Form 25/15. | Form 25-NSE,,
ALE,ALLETE INC,0000066756,2024-05-06,https://www.sec.gov/Archives/edgar/data/66756/000006675624000034/,,,,,,CLOSED,2025-12-15,https://www.sec.gov/Archives/edgar/data/66756/000087666125000967/,588,,[close audit 2026-09-21] close CONFIRMED: 2.01 completion 8-K + Form 25/15. | Form 25-NSE,,
TLRS,Timberline Resources Corp,0001288750,2024-04-16,https://www.sec.gov/Archives/edgar/data/1288750/000165495424004660/,,,,,,CLOSED,2024-08-19,https://www.sec.gov/Archives/edgar/data/1288750/000165495424010912/,125,,[close audit 2026-09-21] close CONFIRMED: 2.01 completion 8-K + Form 25/15. | 8-K Item 2.01,,
IBTX,"Independent Bank Group, Inc.",0001564618,2024-05-20,https://www.sec.gov/Archives/edgar/data/1564618/000114036124026773/,,,,,,CLOSED,2025-01-02,https://www.sec.gov/Archives/edgar/data/1564618/000135445725000001/,227,,[close audit 2026-09-21] close CONFIRMED: Form 25/15 and no later periodic filings (genuine delisting); no closing-language 8-K matched. | Form 25-NSE,,
SILK,Silk Road Medical Inc,0001397702,2024-06-18,https://www.sec.gov/Archives/edgar/data/1397702/000110465924072846/,,,,,,CLOSED,2024-09-17,https://www.sec.gov/Archives/edgar/data/1397702/000135445724000684/,91,,[close audit 2026-09-21] close CONFIRMED: 2.01 completion 8-K + Form 25/15. | Form 25-NSE,,
MRO,MARATHON OIL CORP,0000101778,2024-05-29,https://www.sec.gov/Archives/edgar/data/101778/000119312524148638/,,,,,,CLOSED,2024-11-22,https://www.sec.gov/Archives/edgar/data/101778/000087666124001100/,177,,[close audit 2026-09-21] close CONFIRMED: 2.01 completion 8-K + Form 25/15. | Form 25-NSE,,
HMNF,HMN FINANCIAL INC,0000921183,2024-05-15,https://www.sec.gov/Archives/edgar/data/921183/000110465924061634/,,,,,,CLOSED,2024-10-10,https://www.sec.gov/Archives/edgar/data/921183/000135445724000753/,148,,[close audit 2026-09-21] close CONFIRMED: 2.01 completion 8-K + Form 25/15. | Form 25-NSE,,
ALIM,ALIMERA SCIENCES INC,0001267602,2024-07-23,https://www.sec.gov/Archives/edgar/data/1267602/000143774924023285/,,,,,,CLOSED,2024-09-16,https://www.sec.gov/Archives/edgar/data/1267602/000135445724000679/,55,,[close audit 2026-09-21] close CONFIRMED: 2.01 completion 8-K + Form 25/15. | Form 25-NSE,,
AAN,"Aaron's Company, Inc.",0001821393,2024-06-17,https://www.sec.gov/Archives/edgar/data/1821393/000119312524162017/,,,,,,CLOSED,2024-10-04,https://www.sec.gov/Archives/edgar/data/1821393/000087666124000916/,109,,[close audit 2026-09-21] close CONFIRMED: 2.01 completion 8-K + Form 25/15. | Form 25-NSE,,
VAPO,VAPOTHERM INC,0001253176,2024-06-20,https://www.sec.gov/Archives/edgar/data/1253176/000143774924020688/,,,,,,CLOSED,2024-09-20,https://www.sec.gov/Archives/edgar/data/1253176/000143774924029654/,92,,[close audit 2026-09-21] close CONFIRMED: 2.01 completion 8-K + Form 25/15. | 8-K Item 2.01,,
AGR,"Avangrid, Inc.",0001634997,2024-05-17,https://www.sec.gov/Archives/edgar/data/1634997/000119312524141591/,,,,,,CLOSED,2024-12-23,https://www.sec.gov/Archives/edgar/data/1634997/000114336224000406/,220,,[close audit 2026-09-21] close CONFIRMED: 2.01 completion 8-K + Form 25/15. | Form 25-NSE,,
GTHX,"G1 Therapeutics, Inc.",0001560241,2024-08-20,https://www.sec.gov/Archives/edgar/data/1560241/000119312524203606/,,,,,,CLOSED,2024-09-18,https://www.sec.gov/Archives/edgar/data/1560241/000135445724000689/,29,,[close audit 2026-09-21] close CONFIRMED: 2.01 completion 8-K + Form 25/15. | Form 25-NSE,,
INFN,Infinera Corp,0001138639,2024-08-12,https://www.sec.gov/Archives/edgar/data/1138639/000119312524198329/,,,,,,CLOSED,2025-02-28,https://www.sec.gov/Archives/edgar/data/1138639/000135445725000146/,200,,[close audit 2026-09-21] close CONFIRMED: 2.01 completion 8-K + Form 25/15. | Form 25-NSE,,
SQSP,"Squarespace, Inc.",0001496963,2024-05-13,https://www.sec.gov/Archives/edgar/data/1496963/000149696324000038/,,,,,,CLOSED,2024-10-17,https://www.sec.gov/Archives/edgar/data/1496963/000087666124001010/,157,,[close audit 2026-09-21] close CONFIRMED: 2.01 completion 8-K + Form 25/15. | Form 25-NSE,,
ENV,"ENVESTNET, INC.",0001337619,2024-07-11,https://www.sec.gov/Archives/edgar/data/1337619/000121390024060651/,,,,,,CLOSED,2024-11-25,https://www.sec.gov/Archives/edgar/data/1337619/000087666124001106/,137,,[close audit 2026-09-21] close CONFIRMED: 2.01 completion 8-K + Form 25/15. | Form 25-NSE,,
AUGX,"Augmedix, Inc.",0001769804,2024-08-27,https://www.sec.gov/Archives/edgar/data/1769804/000121390024072649/,,,,,,CLOSED,2024-10-02,https://www.sec.gov/Archives/edgar/data/1769804/000135445724000740/,36,,[close audit 2026-09-21] close CONFIRMED: 2.01 completion 8-K + Form 25/15. | Form 25-NSE,,
CHUY,"CHUY'S HOLDINGS, INC.",0001524931,2024-07-17,https://www.sec.gov/Archives/edgar/data/1524931/000119312524180426/,,,,,,CLOSED,2024-10-11,https://www.sec.gov/Archives/edgar/data/1524931/000135445724000761/,86,,[close audit 2026-09-21] close CONFIRMED: 2.01 completion 8-K + Form 25/15. | Form 25-NSE,,
PETQ,"PetIQ, Inc.",0001668673,2024-08-07,https://www.sec.gov/Archives/edgar/data/1668673/000110465924086551/,,,,,,CLOSED,2024-10-25,https://www.sec.gov/Archives/edgar/data/1668673/000135445724000831/,79,,[close audit 2026-09-21] close CONFIRMED: 2.01 completion 8-K + Form 25/15. | Form 25-NSE,,
FBMS,FIRST BANCSHARES INC /MS/,0000947559,2024-07-29,https://www.sec.gov/Archives/edgar/data/947559/000110465924083577/,,,,,,CLOSED,2025-04-01,https://www.sec.gov/Archives/edgar/data/947559/000087666125000246/,246,,[close audit 2026-09-21] close CONFIRMED: 2.01 completion 8-K + Form 25/15. | Form 25-NSE,,
CBZ,"CBIZ, Inc.",0000944148,2024-07-31,https://www.sec.gov/Archives/edgar/data/944148/000119312524189467/,,,,,,EXCLUDED,2024-11-01,https://www.sec.gov/Archives/edgar/data/944148/000119312524249818/,93,,"[close audit 2026-09-21] WAS CLOSED, NOT PROVEN: completion-type 8-K but no Form 25/15 in window and issuer kept filing: not a delisted take-out of this issuer (acquirer-side / reverse-merger survivor). | 8-K Item 2.01",,
GVP,GSE SYSTEMS INC,0000944480,2024-08-08,https://www.sec.gov/Archives/edgar/data/944480/000114036124036301/,,,,,,CLOSED,2024-11-01,https://www.sec.gov/Archives/edgar/data/944480/000135445724000842/,85,,[close audit 2026-09-21] close CONFIRMED: 2.01 completion 8-K + Form 25/15. | Form 25-NSE,,
ITI,"ITERIS, INC.",0000350868,2024-08-09,https://www.sec.gov/Archives/edgar/data/350868/000110465924087480/,,,,,,CLOSED,2024-11-01,https://www.sec.gov/Archives/edgar/data/350868/000135445724000843/,84,,[close audit 2026-09-21] close CONFIRMED: 2.01 completion 8-K + Form 25/15. | Form 25-NSE,,
K,KELLANOVA,0000055067,2024-08-14,https://www.sec.gov/Archives/edgar/data/55067/000119312524200233/,,,,,,EXCLUDED,2025-03-10,https://www.sec.gov/Archives/edgar/data/55067/000087666125000167/,208,,"[close audit 2026-09-21] WAS CLOSED, NOT PROVEN: Form 25 alone; no completion 8-K and issuer kept filing 10-K/10-Q afterwards. | Form 25-NSE",,
GLXZ,"Galaxy Gaming, Inc.",0000013156,2024-07-18,https://www.sec.gov/Archives/edgar/data/13156/000095017024084675/,,,,,,BROKEN,2026-07-21,https://www.sec.gov/Archives/edgar/data/13156/000119312526310570/,733,y,"[label audit 2026-09-21] BREAK CONFIRMED, Item 1.02 acc 0001193125-26-310570: Evolution terminated; $5.23M fee; agreement dated 2024-07-18, amended 2025-11-24. Old outcome_date 2024-11-01. | termination language",,
VGR,VECTOR GROUP LTD,0000059440,2024-08-21,https://www.sec.gov/Archives/edgar/data/59440/000110465924091626/,,,,,,CLOSED,2024-10-07,https://www.sec.gov/Archives/edgar/data/59440/000087666124000921/,47,,[close audit 2026-09-21] close CONFIRMED: 2.01 completion 8-K + Form 25/15. | Form 25-NSE,,
SGRP,"SPAR Group, Inc.",0001004989,2024-09-03,https://www.sec.gov/Archives/edgar/data/1004989/000143774924028210/,,,,,,BROKEN,2025-05-23,https://www.sec.gov/Archives/edgar/data/1004989/000143774925018341/,262,y,"[label audit 2026-09-21] BREAK CONFIRMED, Item 1.02 acc 0001437749-25-018341: Company terminated after Parent failed to close by deadline; agreement dated 2024-08-30. Old outcome_date 2025-05-23. | termination language",,
EVRI,Everi Holdings Inc.,0001318568,2024-07-26,https://www.sec.gov/Archives/edgar/data/1318568/000131856824000151/,,,,,,CLOSED,2025-07-01,https://www.sec.gov/Archives/edgar/data/1318568/000087666125000476/,340,,[close audit 2026-09-21] close CONFIRMED: 2.01 completion 8-K + Form 25/15. | Form 25-NSE,,
FYBR,"Frontier Communications Parent, Inc.",0000020520,2024-09-05,https://www.sec.gov/Archives/edgar/data/20520/000114036124040148/,,,,,,CLOSED,2026-01-20,https://www.sec.gov/Archives/edgar/data/20520/000135445726000054/,502,,[close audit 2026-09-21] close CONFIRMED: 2.01 completion 8-K + Form 25/15. | Form 25-NSE,,
RCM,R1 RCM Inc. /DE,0001910851,2024-08-01,https://www.sec.gov/Archives/edgar/data/1910851/000119312524190603/,,,,,,CLOSED,2024-11-19,https://www.sec.gov/Archives/edgar/data/1910851/000135445724000875/,110,,[close audit 2026-09-21] close CONFIRMED: 2.01 completion 8-K + Form 25/15. | Form 25-NSE,,
ARC,"ARC DOCUMENT SOLUTIONS, INC.",0001305168,2024-09-11,https://www.sec.gov/Archives/edgar/data/1305168/000114036124040783/,,,,,,CLOSED,2024-11-22,https://www.sec.gov/Archives/edgar/data/1305168/000087666124001102/,72,,[close audit 2026-09-21] close CONFIRMED: 2.01 completion 8-K + Form 25/15. | Form 25-NSE,,
BALY,Bally's Corp,0001747079,2024-10-01,https://www.sec.gov/Archives/edgar/data/1747079/000121390024083589/,,,,,,EXCLUDED,2025-02-13,https://www.sec.gov/Archives/edgar/data/1747079/000121390025013607/,135,y,"[close audit 2026-09-21] WAS CLOSED, NOT PROVEN: completion-type 8-K but no Form 25/15 in window and issuer kept filing: not a delisted take-out of this issuer (acquirer-side / reverse-merger survivor). | [label audit 2026-09-21] WAS BROKEN, NOT A BREAK: merger completed, 8-K Item 2.01; cash status not yet verified, acc 0001213900-25-013607. | termination language",,
BATL,BATTALION OIL CORP,0001282648,2024-09-19,https://www.sec.gov/Archives/edgar/data/1282648/000110465924101398/,,,,,,BROKEN,2024-12-20,https://www.sec.gov/Archives/edgar/data/1282648/000110465924130519/,92,y,"[label audit 2026-09-21] BREAK CONFIRMED, Item 1.02 acc 0001104659-24-130519: Company terminated for Parent (Fury) financing/escrow covenants; ORIGINAL agreement 2023-12-14, row date is a later amendment. Old outcome_date 2024-11-18. | termination language",,
OBDE,Blue Owl Capital Corp III,0001807427,2024-10-15,https://www.sec.gov/Archives/edgar/data/1807427/000119312524237653/,,,,,,CLOSED,2025-01-13,https://www.sec.gov/Archives/edgar/data/1807427/000087666125000018/,90,,[close audit 2026-09-21] close CONFIRMED: 2.01 completion 8-K + Form 25/15. | Form 25-NSE,,
ICCH,"ICC Holdings, Inc.",0001681903,2024-10-16,https://www.sec.gov/Archives/edgar/data/1681903/000143774924031369/,,,,,,CLOSED,2025-03-13,https://www.sec.gov/Archives/edgar/data/1681903/000135445725000200/,148,,[close audit 2026-09-21] close CONFIRMED: 2.01 completion 8-K + Form 25/15. | Form 25-NSE,,
PFC,PREMIER FINANCIAL CORP,0000946647,2024-07-26,https://www.sec.gov/Archives/edgar/data/946647/000119312524185469/,,,,,,CLOSED,2025-03-03,https://www.sec.gov/Archives/edgar/data/946647/000135445725000152/,220,,[close audit 2026-09-21] close CONFIRMED: 2.01 completion 8-K + Form 25/15. | Form 25-NSE,,
OB,Outbrain Inc.,0001454938,2024-08-01,https://www.sec.gov/Archives/edgar/data/1454938/000145493824000149/,,,,,,EXCLUDED,2025-02-03,https://www.sec.gov/Archives/edgar/data/1454938/000114036125002802/,186,,"[close audit 2026-09-21] WAS CLOSED, NOT PROVEN: completion-type 8-K but no Form 25/15 in window and issuer kept filing: not a delisted take-out of this issuer (acquirer-side / reverse-merger survivor). | 8-K Item 2.01",,
SMAR,SMARTSHEET INC,0001366561,2024-09-24,https://www.sec.gov/Archives/edgar/data/1366561/000162828024041152/,,,,,,CLOSED,2025-01-22,https://www.sec.gov/Archives/edgar/data/1366561/000087666125000046/,120,,[close audit 2026-09-21] close CONFIRMED: 2.01 completion 8-K + Form 25/15. | Form 25-NSE,,
EVBN,EVANS BANCORP INC,0000842518,2024-09-09,https://www.sec.gov/Archives/edgar/data/842518/000110465924098154/,,,,,,CLOSED,2025-05-05,https://www.sec.gov/Archives/edgar/data/842518/000114331325000023/,238,,[close audit 2026-09-21] close CONFIRMED: 2.01 completion 8-K + Form 25/15. | Form 25-NSE,,
SBT,"Sterling Bancorp, Inc.",0001680379,2024-09-17,https://www.sec.gov/Archives/edgar/data/1680379/000110465924100678/,,,,,,CLOSED,2025-04-01,https://www.sec.gov/Archives/edgar/data/1680379/000110465925030477/,196,,[close audit 2026-09-21] close CONFIRMED: 2.01 completion 8-K + Form 25/15. | Form 25,,
CFB,"CROSSFIRST BANKSHARES, INC.",0001458412,2024-08-27,https://www.sec.gov/Archives/edgar/data/1458412/000110465924093087/,,,,,,CLOSED,2025-03-03,https://www.sec.gov/Archives/edgar/data/1458412/000135445725000155/,188,,[close audit 2026-09-21] close CONFIRMED: 2.01 completion 8-K + Form 25/15. | Form 25-NSE,,
VBFC,Village Bank & Trust Financial Corp.,0001290476,2024-09-25,https://www.sec.gov/Archives/edgar/data/1290476/000155837024012992/,,,,,,CLOSED,2025-03-31,https://www.sec.gov/Archives/edgar/data/1290476/000135445725000261/,187,,[close audit 2026-09-21] close CONFIRMED: 2.01 completion 8-K + Form 25/15. | Form 25-NSE,,
MNTX,"Manitex International, Inc.",0001302028,2024-09-12,https://www.sec.gov/Archives/edgar/data/1302028/000119312524217989/,,,,,,CLOSED,2025-01-02,https://www.sec.gov/Archives/edgar/data/1302028/000135445725000002/,112,,[close audit 2026-09-21] close CONFIRMED: 2.01 completion 8-K + Form 25/15. | Form 25-NSE,,
LBPH,"Longboard Pharmaceuticals, Inc.",0001832168,2024-10-16,https://www.sec.gov/Archives/edgar/data/1832168/000114036124043569/,,,,,,CLOSED,2024-12-02,https://www.sec.gov/Archives/edgar/data/1832168/000135445724000898/,47,,[close audit 2026-09-21] close CONFIRMED: 2.01 completion 8-K + Form 25/15. | Form 25-NSE,,
ARCH,"ARCH RESOURCES, INC.",0001037676,2024-08-21,https://www.sec.gov/Archives/edgar/data/1037676/000110465924091443/,,,,,,CLOSED,2025-01-14,https://www.sec.gov/Archives/edgar/data/1037676/000087666125000024/,146,,[close audit 2026-09-21] close CONFIRMED: 2.01 completion 8-K + Form 25/15. | Form 25-NSE,,
USAP,UNIVERSAL STAINLESS & ALLOY PRODUCTS INC,0000931584,2024-10-17,https://www.sec.gov/Archives/edgar/data/931584/000119312524238389/,,,,,,CLOSED,2025-01-23,https://www.sec.gov/Archives/edgar/data/931584/000135445725000037/,98,,[close audit 2026-09-21] close CONFIRMED: 2.01 completion 8-K + Form 25/15. | Form 25-NSE,,
MMLP,MARTIN MIDSTREAM PARTNERS L.P.,0001176334,2024-10-03,https://www.sec.gov/Archives/edgar/data/1176334/000117633424000123/,,,,,,BROKEN,2024-12-26,https://www.sec.gov/Archives/edgar/data/1176334/000117633424000178/,84,y,"[label audit 2026-09-21] BREAK CONFIRMED, Item 1.02 acc 0001176334-24-000178: termination agreement approved by conflicts committee; going-private by Martin Resource Mgmt. Old outcome_date 2024-12-26. | termination language",,
NAPA,"Duckhorn Portfolio, Inc.",0001835256,2024-10-07,https://www.sec.gov/Archives/edgar/data/1835256/000119312524233356/,,,,,,CLOSED,2024-12-26,https://www.sec.gov/Archives/edgar/data/1835256/000087666124001210/,80,,[close audit 2026-09-21] close CONFIRMED: 2.01 completion 8-K + Form 25/15. | Form 25-NSE,,
B,BARNES GROUP INC,0000009984,2024-10-07,https://www.sec.gov/Archives/edgar/data/9984/000114036124042932/,,,,,,CLOSED,2025-01-27,https://www.sec.gov/Archives/edgar/data/9984/000087666125000052/,112,,[close audit 2026-09-21] close CONFIRMED: 2.01 completion 8-K + Form 25/15. | Form 25-NSE,,
SASR,SANDY SPRING BANCORP INC,0000824410,2024-10-21,https://www.sec.gov/Archives/edgar/data/824410/000110465924110026/,,,,,,CLOSED,2025-03-31,https://www.sec.gov/Archives/edgar/data/824410/000135445725000262/,161,,[close audit 2026-09-21] close CONFIRMED: 2.01 completion 8-K + Form 25/15. | Form 25-NSE,,
ALTR,Altair Engineering Inc.,0001701732,2024-10-30,https://www.sec.gov/Archives/edgar/data/1701732/000119312524247631/,,,,,,CLOSED,2025-03-26,https://www.sec.gov/Archives/edgar/data/1701732/000135445725000243/,147,,[close audit 2026-09-21] close CONFIRMED: 2.01 completion 8-K + Form 25/15. | Form 25-NSE,,
SPR,"Spirit AeroSystems Holdings, Inc.",0001364885,2024-11-12,https://www.sec.gov/Archives/edgar/data/1364885/000110465924116771/,,,,,,CLOSED,2025-12-08,https://www.sec.gov/Archives/edgar/data/1364885/000087666125000941/,391,,[close audit 2026-09-21] close CONFIRMED: 2.01 completion 8-K + Form 25/15. | Form 25-NSE,,
AE,"ADAMS RESOURCES & ENERGY, INC.",0000002178,2024-11-12,https://www.sec.gov/Archives/edgar/data/2178/000000217824000090/,,,,,,CLOSED,2025-02-05,https://www.sec.gov/Archives/edgar/data/2178/000114331325000006/,85,,[close audit 2026-09-21] close CONFIRMED: 2.01 completion 8-K + Form 25/15. | Form 25-NSE,,
SUM,"Summit Materials, Inc.",0001621563,2024-12-26,https://www.sec.gov/Archives/edgar/data/1621563/000095010324018344/,,,,,,CLOSED,2025-02-11,https://www.sec.gov/Archives/edgar/data/1621563/000087666125000075/,47,,[close audit 2026-09-21] close CONFIRMED: 2.01 completion 8-K + Form 25/15. | Form 25-NSE,,
BCOV,BRIGHTCOVE INC,0001313275,2024-11-25,https://www.sec.gov/Archives/edgar/data/1313275/000119312524264748/,,,,,,CLOSED,2025-02-05,https://www.sec.gov/Archives/edgar/data/1313275/000135445725000069/,72,,[close audit 2026-09-21] close CONFIRMED: 2.01 completion 8-K + Form 25/15. | Form 25-NSE,,
ZUO,ZUORA INC,0001423774,2024-10-18,https://www.sec.gov/Archives/edgar/data/1423774/000114036124043648/,,,,,,CLOSED,2025-02-14,https://www.sec.gov/Archives/edgar/data/1423774/000087666125000116/,119,,[close audit 2026-09-21] close CONFIRMED: 2.01 completion 8-K + Form 25/15. | Form 25-NSE,,
ENLC,"EnLink Midstream, LLC",0001592000,2024-11-25,https://www.sec.gov/Archives/edgar/data/1592000/000110465924122279/,,,,,,CLOSED,2025-01-31,https://www.sec.gov/Archives/edgar/data/1592000/000087666125000059/,67,,[close audit 2026-09-21] close CONFIRMED: 2.01 completion 8-K + Form 25/15. | Form 25-NSE,,
FLIC,FIRST OF LONG ISLAND CORP,0000740663,2024-09-05,https://www.sec.gov/Archives/edgar/data/740663/000143774924028485/,,,,,,CLOSED,2025-06-02,https://www.sec.gov/Archives/edgar/data/740663/000135445725000480/,270,,[close audit 2026-09-21] close CONFIRMED: 2.01 completion 8-K + Form 25/15. | Form 25-NSE,,
BECN,BEACON ROOFING SUPPLY INC,0001124941,2025-03-20,https://www.sec.gov/Archives/edgar/data/1124941/000121390025025557/,,,,,,CLOSED,2025-04-29,https://www.sec.gov/Archives/edgar/data/1124941/000135445725000356/,40,,[close audit 2026-09-21] close CONFIRMED: 2.01 completion 8-K + Form 25/15. | Form 25-NSE,,
SLRN,"ACELYRIN, Inc.",0001962918,2025-03-13,https://www.sec.gov/Archives/edgar/data/1962918/000119312525053552/,,,,,,CLOSED,2025-05-21,https://www.sec.gov/Archives/edgar/data/1962918/000135445725000436/,69,,[close audit 2026-09-21] close CONFIRMED: 2.01 completion 8-K + Form 25/15. | Form 25-NSE,,
CMRX,CHIMERIX INC,0001117480,2025-03-06,https://www.sec.gov/Archives/edgar/data/1117480/000119312525048464/,,,,,,CLOSED,2025-04-21,https://www.sec.gov/Archives/edgar/data/1117480/000135445725000340/,46,,[close audit 2026-09-21] close CONFIRMED: 2.01 completion 8-K + Form 25/15. | Form 25-NSE,,
BRKL,BROOKLINE BANCORP INC,0001049782,2024-12-16,https://www.sec.gov/Archives/edgar/data/1049782/000110465924128696/,,,,,,CLOSED,2025-09-02,https://www.sec.gov/Archives/edgar/data/1049782/000135445725000861/,260,,[close audit 2026-09-21] close CONFIRMED: 2.01 completion 8-K + Form 25/15. | Form 25-NSE,,
JWN,NORDSTROM INC,0000072333,2024-12-23,https://www.sec.gov/Archives/edgar/data/72333/000121390024111520/,,,,,,CLOSED,2025-05-21,https://www.sec.gov/Archives/edgar/data/72333/000087666125000371/,149,,[close audit 2026-09-21] close CONFIRMED: 2.01 completion 8-K + Form 25/15. | Form 25-NSE,,
NEUE,"NeueHealth, Inc.",0001671284,2025-03-20,https://www.sec.gov/Archives/edgar/data/1671284/000167128425000001/,,,,,,CLOSED,2025-10-02,https://www.sec.gov/Archives/edgar/data/1671284/000087666125000732/,196,,[close audit 2026-09-21] close CONFIRMED: 2.01 completion 8-K + Form 25/15. | Form 25-NSE,,
TSVT,"2seventy bio, Inc.",0001860782,2025-04-14,https://www.sec.gov/Archives/edgar/data/1860782/000114036125013626/,,,,,,CLOSED,2025-05-13,https://www.sec.gov/Archives/edgar/data/1860782/000135445725000408/,29,,[close audit 2026-09-21] close CONFIRMED: 2.01 completion 8-K + Form 25/15. | Form 25-NSE,,
OPTN,"OptiNose, Inc.",0001494650,2025-03-20,https://www.sec.gov/Archives/edgar/data/1494650/000149465025000054/,,,,,,CLOSED,2025-05-21,https://www.sec.gov/Archives/edgar/data/1494650/000135445725000435/,62,,[close audit 2026-09-21] close CONFIRMED: 2.01 completion 8-K + Form 25/15. | Form 25-NSE,,
AKYA,"Akoya Biosciences, Inc.",0001711933,2025-04-04,https://www.sec.gov/Archives/edgar/data/1711933/000110465925032006/,,,,,,CLOSED,2025-07-08,https://www.sec.gov/Archives/edgar/data/1711933/000135445725000619/,95,,[close audit 2026-09-21] close CONFIRMED: 2.01 completion 8-K + Form 25/15. | Form 25-NSE,,
HEES,"H&E Equipment Services, Inc.",0001339605,2025-02-19,https://www.sec.gov/Archives/edgar/data/1339605/000119312525029610/,,,,,,CLOSED,2025-06-02,https://www.sec.gov/Archives/edgar/data/1339605/000135445725000481/,103,,[close audit 2026-09-21] close CONFIRMED: 2.01 completion 8-K + Form 25/15. | Form 25-NSE,,
CKPT,"Checkpoint Therapeutics, Inc.",0001651407,2025-03-10,https://www.sec.gov/Archives/edgar/data/1651407/000110465925021973/,,,,,,CLOSED,2025-05-30,https://www.sec.gov/Archives/edgar/data/1651407/000135445725000474/,81,,[close audit 2026-09-21] close CONFIRMED: 2.01 completion 8-K + Form 25/15. | Form 25-NSE,,
RDUS,"RADIUS RECYCLING, INC.",0000912603,2025-03-14,https://www.sec.gov/Archives/edgar/data/912603/000110465925024004/,,,,,,CLOSED,2025-07-10,https://www.sec.gov/Archives/edgar/data/912603/000135445725000635/,118,,[close audit 2026-09-21] close CONFIRMED: 2.01 completion 8-K + Form 25/15. | Form 25-NSE,,
SSTK,"Shutterstock, Inc.",0001549346,2025-01-07,https://www.sec.gov/Archives/edgar/data/1549346/000114036125000468/,,,,,,BROKEN,2026-07-07,https://www.sec.gov/Archives/edgar/data/1549346/000114036126028035/,546,y,"[label audit 2026-09-21] BREAK CONFIRMED, Item 1.02 acc 0001140361-26-028035: terminated after Second Extended End Date passed; agreement dated 2025-01-06. Old outcome_date 2026-07-13. | termination language",,
RDFN,Redfin Corp,0001382821,2025-03-10,https://www.sec.gov/Archives/edgar/data/1382821/000162828025011457/,,,,,,CLOSED,2025-07-01,https://www.sec.gov/Archives/edgar/data/1382821/000135445725000602/,113,,[close audit 2026-09-21] close CONFIRMED: 2.01 completion 8-K + Form 25/15. | Form 25-NSE,,
RDW,Redwire Corp,0001819810,2025-01-21,https://www.sec.gov/Archives/edgar/data/1819810/000181981025000024/,,,,,,EXCLUDED,2025-03-24,https://www.sec.gov/Archives/edgar/data/1819810/000087666125000214/,62,,"[close audit 2026-09-21] WAS CLOSED, NOT PROVEN: Form 25 alone; no completion 8-K and issuer kept filing 10-K/10-Q afterwards. | Form 25-NSE",,
DNB,"Dun & Bradstreet Holdings, Inc.",0001799208,2025-03-24,https://www.sec.gov/Archives/edgar/data/1799208/000110465925027293/,,,,,,CLOSED,2025-08-26,https://www.sec.gov/Archives/edgar/data/1799208/000087666125000617/,155,,[close audit 2026-09-21] close CONFIRMED: 2.01 completion 8-K + Form 25/15. | Form 25-NSE,,
PRA,PROASSURANCE CORP,0001127703,2025-03-20,https://www.sec.gov/Archives/edgar/data/1127703/000187524625000017/,,,,,,CLOSED,2026-06-26,https://www.sec.gov/Archives/edgar/data/1127703/000087666126000573/,463,,[close audit 2026-09-21] close CONFIRMED: 2.01 completion 8-K + Form 25/15. | Form 25-NSE,,
BRDG,Bridge Investment Group Holdings Inc.,0001854401,2025-02-24,https://www.sec.gov/Archives/edgar/data/1854401/000119312525032823/,,,,,,CLOSED,2025-09-02,https://www.sec.gov/Archives/edgar/data/1854401/000087666125000629/,190,,[close audit 2026-09-21] close CONFIRMED: 2.01 completion 8-K + Form 25/15. | Form 25-NSE,,
SHYF,"SHYFT GROUP, INC.",0000743238,2025-05-06,https://www.sec.gov/Archives/edgar/data/743238/000095010325005757/,,,,,,CLOSED,2025-07-01,https://www.sec.gov/Archives/edgar/data/743238/000135445725000605/,56,,[close audit 2026-09-21] close CONFIRMED: 2.01 completion 8-K + Form 25/15. | Form 25-NSE,,
LNSR,"LENSAR, Inc.",0001320350,2025-03-24,https://www.sec.gov/Archives/edgar/data/1320350/000119312525060906/,,,,,,BROKEN,2026-03-16,https://www.sec.gov/Archives/edgar/data/1320350/000119312526109458/,357,y,"[label audit 2026-09-21] BREAK CONFIRMED, Item 1.02 acc 0001193125-26-109458: Termination and Mutual Release Agreement; LENSAR keeps $10M deposit; agreement dated 2025-03-23. Old outcome_date 2026-03-17. | termination language",,
BLUE,"bluebird bio, Inc.",0001293971,2025-05-14,https://www.sec.gov/Archives/edgar/data/1293971/000119312525119447/,,,,,,CLOSED,2025-06-02,https://www.sec.gov/Archives/edgar/data/1293971/000135445725000482/,19,,[close audit 2026-09-21] close CONFIRMED: 2.01 completion 8-K + Form 25/15. | Form 25-NSE,,
SSBK,"Southern States Bancshares, Inc.",0001689731,2025-03-31,https://www.sec.gov/Archives/edgar/data/1689731/000162828025015545/,,,,,,CLOSED,2025-07-01,https://www.sec.gov/Archives/edgar/data/1689731/000135445725000603/,92,,[close audit 2026-09-21] close CONFIRMED: 2.01 completion 8-K + Form 25/15. | Form 25-NSE,,
ICAD,ICAD INC,0000749660,2025-04-15,https://www.sec.gov/Archives/edgar/data/749660/000119380525000483/,,,,,,CLOSED,2025-07-17,https://www.sec.gov/Archives/edgar/data/749660/000135445725000684/,93,,[close audit 2026-09-21] close CONFIRMED: 2.01 completion 8-K + Form 25/15. | Form 25-NSE,,
KANT,"KINETA, INC./DE",0001445283,2024-12-12,https://www.sec.gov/Archives/edgar/data/1445283/000095017024135612/,,,,,,CLOSED,2025-07-01,https://www.sec.gov/Archives/edgar/data/1445283/000095017025091820/,201,y,"[close audit 2026-09-21] close CONFIRMED: 2.01 completion 8-K + Form 25/15. | [label audit 2026-09-21] WAS BROKEN, NOT A BREAK: merger with TuHURA completed (stock), 8-K Item 2.01, acc 0000950170-25-091820. | termination language",,
OPOF,OLD POINT FINANCIAL CORP,0000740971,2025-04-07,https://www.sec.gov/Archives/edgar/data/740971/000110465925032666/,,,,,,CLOSED,2025-09-02,https://www.sec.gov/Archives/edgar/data/740971/000135445725000862/,148,,[close audit 2026-09-21] close CONFIRMED: 2.01 completion 8-K + Form 25/15. | Form 25-NSE,,
SWTX,"SpringWorks Therapeutics, Inc.",0001773427,2025-04-28,https://www.sec.gov/Archives/edgar/data/1773427/000110465925039627/,,,,,,CLOSED,2025-07-01,https://www.sec.gov/Archives/edgar/data/1773427/000135445725000604/,64,,[close audit 2026-09-21] close CONFIRMED: 2.01 completion 8-K + Form 25/15. | Form 25-NSE,,
AZEK,AZEK Co Inc.,0001782754,2025-03-24,https://www.sec.gov/Archives/edgar/data/1782754/000119312525060788/,,,,,,CLOSED,2025-07-01,https://www.sec.gov/Archives/edgar/data/1782754/000087666125000485/,99,,[close audit 2026-09-21] close CONFIRMED: 2.01 completion 8-K + Form 25/15. | Form 25-NSE,,
AXL,AMERICAN AXLE & MANUFACTURING HOLDINGS INC,0001062231,2024-10-17,https://www.sec.gov/Archives/edgar/data/1062231/000106223124000086/,,,,,,EXCLUDED,2026-02-03,https://www.sec.gov/Archives/edgar/data/1062231/000110465926009503/,474,,"[close audit 2026-09-21] WAS CLOSED, NOT PROVEN: completion-type 8-K but no Form 25/15 in window and issuer kept filing: not a delisted take-out of this issuer (acquirer-side / reverse-merger survivor). | 8-K Item 2.01",,
WBA,"Walgreens Boots Alliance, Inc.",0001618921,2025-04-25,https://www.sec.gov/Archives/edgar/data/1618921/000119312525094969/,,,,,,CLOSED,2025-08-28,https://www.sec.gov/Archives/edgar/data/1618921/000135445725000854/,125,,[close audit 2026-09-21] close CONFIRMED: 2.01 completion 8-K + Form 25/15. | Form 25-NSE,,
FARO,FARO TECHNOLOGIES INC,0000917491,2025-05-07,https://www.sec.gov/Archives/edgar/data/917491/000119312525114972/,,,,,,CLOSED,2025-07-21,https://www.sec.gov/Archives/edgar/data/917491/000135445725000699/,75,,[close audit 2026-09-21] close CONFIRMED: 2.01 completion 8-K + Form 25/15. | Form 25-NSE,,
PHX,PHX MINERALS INC.,0000315131,2025-05-12,https://www.sec.gov/Archives/edgar/data/315131/000110465925047293/,,,,,,CLOSED,2025-06-23,https://www.sec.gov/Archives/edgar/data/315131/000087666125000460/,42,,[close audit 2026-09-21] close CONFIRMED: 2.01 completion 8-K + Form 25/15. | Form 25-NSE,,
PPBI,PACIFIC PREMIER BANCORP INC,0001028918,2025-04-25,https://www.sec.gov/Archives/edgar/data/1028918/000110465925038879/,,,,,,CLOSED,2025-09-02,https://www.sec.gov/Archives/edgar/data/1028918/000135445725000860/,130,,[close audit 2026-09-21] close CONFIRMED: Form 25/15 and no later periodic filings (genuine delisting); no closing-language 8-K matched. | Form 25-NSE,,
SVT,SERVOTRONICS INC /DE/,0000089140,2025-06-02,https://www.sec.gov/Archives/edgar/data/89140/000119312525132796/,,,,,,CLOSED,2025-07-01,https://www.sec.gov/Archives/edgar/data/89140/000114331325000040/,29,,[close audit 2026-09-21] close CONFIRMED: 2.01 completion 8-K + Form 25/15. | Form 25-NSE,,
RGLS,Regulus Therapeutics Inc.,0001505512,2025-04-30,https://www.sec.gov/Archives/edgar/data/1505512/000119312525105845/,,,,,,CLOSED,2025-06-25,https://www.sec.gov/Archives/edgar/data/1505512/000135445725000571/,56,,[close audit 2026-09-21] close CONFIRMED: 2.01 completion 8-K + Form 25/15. | Form 25-NSE,,
KRON,"Kronos Bio, Inc.",0001741830,2025-06-05,https://www.sec.gov/Archives/edgar/data/1741830/000121390025051350/,,,,,,CLOSED,2025-06-20,https://www.sec.gov/Archives/edgar/data/1741830/000135445725000547/,15,,[close audit 2026-09-21] close CONFIRMED: 2.01 completion 8-K + Form 25/15. | Form 25-NSE,,
ELEV,"Elevation Oncology, Inc.",0001783032,2025-06-23,https://www.sec.gov/Archives/edgar/data/1783032/000114036125023228/,,,,,,CLOSED,2025-07-23,https://www.sec.gov/Archives/edgar/data/1783032/000135445725000732/,30,,[close audit 2026-09-21] close CONFIRMED: 2.01 completion 8-K + Form 25/15. | Form 25-NSE,,
SSY,SUNLINK HEALTH SYSTEMS INC,0000096793,2025-04-18,https://www.sec.gov/Archives/edgar/data/96793/000095017025055611/,,,,,,CLOSED,2025-08-15,https://www.sec.gov/Archives/edgar/data/96793/000114331325000057/,119,,[close audit 2026-09-21] close CONFIRMED: 2.01 completion 8-K + Form 25/15. | Form 25-NSE,,
HONE,"HarborOne Bancorp, Inc.",0001769617,2025-04-24,https://www.sec.gov/Archives/edgar/data/1769617/000119312525093679/,,,,,,CLOSED,2025-10-28,https://www.sec.gov/Archives/edgar/data/1769617/000110465925103215/,187,,[close audit 2026-09-21] close CONFIRMED: 2.01 completion 8-K + Form 25/15. | Form 25,,
VIGL,"Vigil Neuroscience, Inc.",0001827087,2025-05-22,https://www.sec.gov/Archives/edgar/data/1827087/000119312525124488/,,,,,,CLOSED,2025-08-05,https://www.sec.gov/Archives/edgar/data/1827087/000135445725000762/,75,,[close audit 2026-09-21] close CONFIRMED: 2.01 completion 8-K + Form 25/15. | Form 25-NSE,,
NVEE,"NV5 Global, Inc.",0001532961,2025-05-15,https://www.sec.gov/Archives/edgar/data/1532961/000162828025025816/,,,,,,CLOSED,2025-08-04,https://www.sec.gov/Archives/edgar/data/1532961/000135445725000758/,81,,[close audit 2026-09-21] close CONFIRMED: 2.01 completion 8-K + Form 25/15. | Form 25-NSE,,
CHTR,"CHARTER COMMUNICATIONS, INC. /MO/",0001091667,2025-02-27,https://www.sec.gov/Archives/edgar/data/1091667/000109166725000045/,,,,,,EXCLUDED,2026-08-20,https://www.sec.gov/Archives/edgar/data/1091667/000114036126033909/,539,,"[close audit 2026-09-21] WAS CLOSED, NOT PROVEN: completion-type 8-K but no Form 25/15 in window and issuer kept filing: not a delisted take-out of this issuer (acquirer-side / reverse-merger survivor). | 8-K Item 2.01",,
STRM,STREAMLINE HEALTH SOLUTIONS INC.,0001008586,2025-05-29,https://www.sec.gov/Archives/edgar/data/1008586/000143774925018850/,,,,,,CLOSED,2025-08-12,https://www.sec.gov/Archives/edgar/data/1008586/000135445725000807/,75,,[close audit 2026-09-21] close CONFIRMED: 2.01 completion 8-K + Form 25/15. | Form 25-NSE,,
BPMC,Blueprint Medicines Corp,0001597264,2025-06-17,https://www.sec.gov/Archives/edgar/data/1597264/000119312525141704/,,,,,,CLOSED,2025-07-18,https://www.sec.gov/Archives/edgar/data/1597264/000135445725000693/,31,,[close audit 2026-09-21] close CONFIRMED: 2.01 completion 8-K + Form 25/15. | Form 25-NSE,,
GMS,GMS Inc.,0001600438,2025-06-30,https://www.sec.gov/Archives/edgar/data/1600438/000110465925063833/,,,,,,CLOSED,2025-09-04,https://www.sec.gov/Archives/edgar/data/1600438/000087666125000636/,66,,[close audit 2026-09-21] close CONFIRMED: 2.01 completion 8-K + Form 25/15. | Form 25-NSE
SGMA,SIGMATRON INTERNATIONAL INC,0000915358,2025-05-21,https://www.sec.gov/Archives/edgar/data/915358/000114036125019980/,,,,,,CLOSED,2025-07-28,https://www.sec.gov/Archives/edgar/data/915358/000135445725000742/,68,,[close audit 2026-09-21] close CONFIRMED: 2.01 completion 8-K + Form 25/15. | Form 25-NSE
TSBX,Turnstone Biologics Corp.,0001764974,2025-07-11,https://www.sec.gov/Archives/edgar/data/1764974/000119312525157812/,,,,,,CLOSED,2025-08-11,https://www.sec.gov/Archives/edgar/data/1764974/000135445725000800/,31,,[close audit 2026-09-21] close CONFIRMED: 2.01 completion 8-K + Form 25/15. | Form 25-NSE
STR,Sitio Royalties Corp.,0001949543,2025-06-03,https://www.sec.gov/Archives/edgar/data/1949543/000119312525134195/,,,,,,CLOSED,2025-08-21,https://www.sec.gov/Archives/edgar/data/1949543/000087666125000611/,79,,[close audit 2026-09-21] close CONFIRMED: 2.01 completion 8-K + Form 25/15. | Form 25-NSE
ENZB,ENZO BIOCHEM INC,0000316253,2025-06-24,https://www.sec.gov/Archives/edgar/data/316253/000121390025056897/,,,,,,CLOSED,2025-08-20,https://www.sec.gov/Archives/edgar/data/316253/000121390025078736/,57,,[close audit 2026-09-21] close CONFIRMED: 2.01 completion 8-K + Form 25/15. | 8-K Item 2.01
VERV,"Verve Therapeutics, Inc.",0001840574,2025-07-15,https://www.sec.gov/Archives/edgar/data/1840574/000119312525159005/,,,,,,CLOSED,2025-07-25,https://www.sec.gov/Archives/edgar/data/1840574/000135445725000739/,10,,[close audit 2026-09-21] close CONFIRMED: 2.01 completion 8-K + Form 25/15. | Form 25-NSE
SAGE,"Sage Therapeutics, Inc.",0001597553,2025-06-16,https://www.sec.gov/Archives/edgar/data/1597553/000110465925059956/,,,,,,CLOSED,2025-07-31,https://www.sec.gov/Archives/edgar/data/1597553/000135445725000753/,45,,[close audit 2026-09-21] close CONFIRMED: 2.01 completion 8-K + Form 25/15. | Form 25-NSE
COOP,Mr. Cooper Group Inc.,0000933136,2025-04-01,https://www.sec.gov/Archives/edgar/data/933136/000119312525070493/,,,,,,CLOSED,2025-10-01,https://www.sec.gov/Archives/edgar/data/933136/000135445725000970/,183,,[close audit 2026-09-21] close CONFIRMED: 2.01 completion 8-K + Form 25/15. | Form 25-NSE
SPTN,SpartanNash Co,0000877422,2025-06-23,https://www.sec.gov/Archives/edgar/data/877422/000110465925061697/,,,,,,CLOSED,2025-09-22,https://www.sec.gov/Archives/edgar/data/877422/000135445725000931/,91,,[close audit 2026-09-21] close CONFIRMED: 2.01 completion 8-K + Form 25/15. | Form 25-NSE
ITOS,"iTeos Therapeutics, Inc.",0001808865,2025-08-01,https://www.sec.gov/Archives/edgar/data/1808865/000114036125028238/,,,,,,CLOSED,2025-08-29,https://www.sec.gov/Archives/edgar/data/1808865/000135445725000857/,28,,[close audit 2026-09-21] close CONFIRMED: 2.01 completion 8-K + Form 25/15. | Form 25-NSE
MRC,MRC GLOBAL INC.,0001439095,2025-06-26,https://www.sec.gov/Archives/edgar/data/1439095/000119312525149152/,,,,,,CLOSED,2025-11-06,https://www.sec.gov/Archives/edgar/data/1439095/000087666125000846/,133,,[close audit 2026-09-21] close CONFIRMED: 2.01 completion 8-K + Form 25/15. | Form 25-NSE
BASE,"Couchbase, Inc.",0001845022,2025-06-20,https://www.sec.gov/Archives/edgar/data/1845022/000119312525143735/,,,,,,CLOSED,2025-09-24,https://www.sec.gov/Archives/edgar/data/1845022/000135445725000938/,96,,[close audit 2026-09-21] close CONFIRMED: 2.01 completion 8-K + Form 25/15. | Form 25-NSE
PVBC,"Provident Bancorp, Inc. /MD/",0001778784,2025-06-05,https://www.sec.gov/Archives/edgar/data/1778784/000110465925056902/,,,,,,EXCLUDED,2025-11-17,https://www.sec.gov/Archives/edgar/data/1778784/000110465925112963/,165,,"[close audit 2026-09-21] WAS CLOSED, NOT PROVEN: completion-type 8-K but no Form 25/15 in window and issuer kept filing: not a delisted take-out of this issuer (acquirer-side / reverse-merger survivor). | 8-K Item 2.01"
BGFV,BIG 5 SPORTING GOODS Corp,0001156388,2025-06-30,https://www.sec.gov/Archives/edgar/data/1156388/000119312525152058/,,,,,,CLOSED,2025-10-02,https://www.sec.gov/Archives/edgar/data/1156388/000135445725000978/,94,,[close audit 2026-09-21] close CONFIRMED: 2.01 completion 8-K + Form 25/15. | Form 25-NSE
HOFV,Hall of Fame Resort & Entertainment Co,0001708176,2025-05-08,https://www.sec.gov/Archives/edgar/data/1708176/000121390025041134/,,,,,,EXCLUDED,2025-07-21,https://www.sec.gov/Archives/edgar/data/1708176/000135445725000711/,74,,"[close audit 2026-09-21] WAS CLOSED, NOT PROVEN: Form 25 alone; no completion 8-K and issuer kept filing 10-K/10-Q afterwards. | Form 25-NSE"
MIRA,"MIRA PHARMACEUTICALS, INC.",0001904286,2025-07-10,https://www.sec.gov/Archives/edgar/data/1904286/000164117225018595/,,,,,,EXCLUDED,2025-09-30,https://www.sec.gov/Archives/edgar/data/1904286/000149315225016168/,82,,"[close audit 2026-09-21] WAS CLOSED, NOT PROVEN: completion-type 8-K but no Form 25/15 in window and issuer kept filing: not a delisted take-out of this issuer (acquirer-side / reverse-merger survivor). | 8-K Item 2.01"
CRGX,"CARGO Therapeutics, Inc.",0001966494,2025-07-21,https://www.sec.gov/Archives/edgar/data/1966494/000199937125009491/,,,,,,CLOSED,2025-08-19,https://www.sec.gov/Archives/edgar/data/1966494/000135445725000828/,29,,[close audit 2026-09-21] close CONFIRMED: 2.01 completion 8-K + Form 25/15. | Form 25-NSE
GNTY,GUARANTY BANCSHARES INC /TX/,0001058867,2025-06-25,https://www.sec.gov/Archives/edgar/data/1058867/000119312525147029/,,,,,,CLOSED,2025-10-01,https://www.sec.gov/Archives/edgar/data/1058867/000087666125000730/,98,,[close audit 2026-09-21] close CONFIRMED: 2.01 completion 8-K + Form 25/15. | Form 25-NSE
IGMS,"IGM Biosciences, Inc.",0001496323,2025-07-16,https://www.sec.gov/Archives/edgar/data/1496323/000114036125025957/,,,,,,CLOSED,2025-08-14,https://www.sec.gov/Archives/edgar/data/1496323/000135445725000811/,29,,[close audit 2026-09-21] close CONFIRMED: 2.01 completion 8-K + Form 25/15. | Form 25-NSE
AVDX,"AvidXchange Holdings, Inc.",0001858257,2025-05-07,https://www.sec.gov/Archives/edgar/data/1858257/000119312525114937/,,,,,,CLOSED,2025-10-15,https://www.sec.gov/Archives/edgar/data/1858257/000135445725001023/,161,,[close audit 2026-09-21] close CONFIRMED: 2.01 completion 8-K + Form 25/15. | Form 25-NSE
DALN,DallasNews Corp,0001413898,2025-07-10,https://www.sec.gov/Archives/edgar/data/1413898/000119312525157392/,,,,,,CLOSED,2025-09-24,https://www.sec.gov/Archives/edgar/data/1413898/000135445725000944/,76,,[close audit 2026-09-21] close CONFIRMED: 2.01 completion 8-K + Form 25/15. | Form 25-NSE
CFSB,"CFSB Bancorp, Inc. /MA/",0001879103,2025-05-21,https://www.sec.gov/Archives/edgar/data/1879103/000119312525123609/,,,,,,CLOSED,2025-11-03,https://www.sec.gov/Archives/edgar/data/1879103/000135445725001079/,166,,[close audit 2026-09-21] close CONFIRMED: 2.01 completion 8-K + Form 25/15. | Form 25-NSE
SSUP,SUPERIOR INDUSTRIES INTERNATIONAL INC,0000095552,2025-07-08,https://www.sec.gov/Archives/edgar/data/95552/000119312525156459/,,,,,,CLOSED,2025-12-08,https://www.sec.gov/Archives/edgar/data/95552/000114036125044874/,153,,[close audit 2026-09-21] close CONFIRMED: 2.01 completion 8-K + Form 25/15. | 8-K Item 2.01
VBTX,"Veritex Holdings, Inc.",0001501570,2025-07-17,https://www.sec.gov/Archives/edgar/data/1501570/000110465925068652/,,,,,,CLOSED,2025-10-20,https://www.sec.gov/Archives/edgar/data/1501570/000135445725001033/,95,,[close audit 2026-09-21] close CONFIRMED: 2.01 completion 8-K + Form 25/15. | Form 25-NSE
VRNA,Verona Pharma plc,0001657312,2025-07-09,https://www.sec.gov/Archives/edgar/data/1657312/000110465925066588/,,,,,,CLOSED,2025-10-07,https://www.sec.gov/Archives/edgar/data/1657312/000135445725000995/,90,,[close audit 2026-09-21] close CONFIRMED: 2.01 completion 8-K + Form 25/15. | Form 25-NSE
HLVX,"HilleVax, Inc.",0001888012,2025-08-18,https://www.sec.gov/Archives/edgar/data/1888012/000119312525182241/,,,,,,CLOSED,2025-09-17,https://www.sec.gov/Archives/edgar/data/1888012/000135445725000913/,30,,[close audit 2026-09-21] close CONFIRMED: Form 25/15 and no later periodic filings (genuine delisting); no closing-language 8-K matched. | Form 25-NSE
KLG,WK Kellogg Co,0001959348,2025-07-10,https://www.sec.gov/Archives/edgar/data/1959348/000119312525157425/,,,,,,CLOSED,2025-09-26,https://www.sec.gov/Archives/edgar/data/1959348/000087666125000707/,78,,[close audit 2026-09-21] close CONFIRMED: 2.01 completion 8-K + Form 25/15. | Form 25-NSE
MGRM,Monogram Technologies Inc.,0001769759,2025-07-14,https://www.sec.gov/Archives/edgar/data/1769759/000110465925067801/,,,,,,CLOSED,2025-10-07,https://www.sec.gov/Archives/edgar/data/1769759/000135445725000997/,85,,[close audit 2026-09-21] close CONFIRMED: 2.01 completion 8-K + Form 25/15. | Form 25-NSE
ZIMV,ZimVie Inc.,0001876588,2025-07-21,https://www.sec.gov/Archives/edgar/data/1876588/000119312525161550/,,,,,,CLOSED,2025-10-20,https://www.sec.gov/Archives/edgar/data/1876588/000135445725001034/,91,,[close audit 2026-09-21] close CONFIRMED: 2.01 completion 8-K + Form 25/15. | Form 25-NSE
EVFM,"Evofem Biosciences, Inc.",0001618835,2025-08-26,https://www.sec.gov/Archives/edgar/data/1618835/000164117225025530/,,,,,,BROKEN,2025-10-20,https://www.sec.gov/Archives/edgar/data/1618835/000149315225018687/,55,y,"[label audit 2026-09-21] BREAK CONFIRMED, Item 1.02 acc 0001493152-25-018687: stockholders did not approve; agreement with Aditxt dated 2024-07-12 (non-cash; row announcement date is wrong). Old outcome_date 2025-10-20. | termination language"
SCPH,scPharmaceuticals Inc.,0001604950,2025-08-25,https://www.sec.gov/Archives/edgar/data/1604950/000119312525187714/,,,,,,CLOSED,2025-10-07,https://www.sec.gov/Archives/edgar/data/1604950/000135445725000996/,43,,[close audit 2026-09-21] close CONFIRMED: 2.01 completion 8-K + Form 25/15. | Form 25-NSE
PHLT,Performant Healthcare Inc,0001550695,2025-08-01,https://www.sec.gov/Archives/edgar/data/1550695/000155069525000061/,,,,,,CLOSED,2025-10-21,https://www.sec.gov/Archives/edgar/data/1550695/000114036125038741/,81,y,"[close audit 2026-09-21] close CONFIRMED: 2.01 completion 8-K + Form 25/15. | [label audit 2026-09-21] WAS BROKEN, NOT A BREAK: merger completed, 8-K Item 2.01 + Form 15; cash status not yet verified, acc 0001140361-25-038741. | termination language"
ARIS,"Aris Water Solutions, Inc.",0001865187,2025-08-07,https://www.sec.gov/Archives/edgar/data/1865187/000119312525175424/,,,,,,CLOSED,2025-10-15,https://www.sec.gov/Archives/edgar/data/1865187/000087666125000771/,69,,[close audit 2026-09-21] close CONFIRMED: 2.01 completion 8-K + Form 25/15. | Form 25-NSE
STAA,STAAR SURGICAL CO,0000718937,2025-08-05,https://www.sec.gov/Archives/edgar/data/718937/000119312525173090/,,,,,,BROKEN,2026-01-06,https://www.sec.gov/Archives/edgar/data/718937/000119312526004699/,154,y,"[label audit 2026-09-21] BREAK CONFIRMED, Item 1.02 acc 0001193125-26-004699: terminated per terms after stockholder vote; no fee; agreement dated 2025-08-04. Old outcome_date 2026-01-06. | termination language"
AUGG,AUGUSTA GOLD CORP.,0001448597,2025-09-09,https://www.sec.gov/Archives/edgar/data/1448597/000121390025086260/,,,,,,CLOSED,2025-10-23,https://www.sec.gov/Archives/edgar/data/1448597/000095015725000885/,44,,[close audit 2026-09-21] close CONFIRMED: 2.01 completion 8-K + Form 25/15. | 8-K Item 2.01
MLNK,"MeridianLink, Inc.",0001834494,2025-08-11,https://www.sec.gov/Archives/edgar/data/1834494/000119312525177535/,,,,,,CLOSED,2025-10-24,https://www.sec.gov/Archives/edgar/data/1834494/000087666125000801/,74,,[close audit 2026-09-21] close CONFIRMED: 2.01 completion 8-K + Form 25/15. | Form 25-NSE
PBPB,POTBELLY CORP,0001195734,2025-09-10,https://www.sec.gov/Archives/edgar/data/1195734/000119312525199704/,,,,,,CLOSED,2025-10-23,https://www.sec.gov/Archives/edgar/data/1195734/000135445725001054/,43,,[close audit 2026-09-21] close CONFIRMED: Form 25/15 and no later periodic filings (genuine delisting); no closing-language 8-K matched. | Form 25-NSE
AMWD,AMERICAN WOODMARK CORP,0000794619,2025-08-06,https://www.sec.gov/Archives/edgar/data/794619/000119312525174063/,,,,,,CLOSED,2026-05-28,https://www.sec.gov/Archives/edgar/data/794619/000135445726000504/,295,,[close audit 2026-09-21] close CONFIRMED: 2.01 completion 8-K + Form 25/15. | Form 25-NSE
CCRD,CoreCard Corp,0000320340,2025-07-31,https://www.sec.gov/Archives/edgar/data/320340/000143774925024000/,,,,,,CLOSED,2025-10-31,https://www.sec.gov/Archives/edgar/data/320340/000087666125000817/,92,,[close audit 2026-09-21] close CONFIRMED: 2.01 completion 8-K + Form 25/15. | Form 25-NSE
DAY,"Dayforce, Inc.",0001725057,2025-08-21,https://www.sec.gov/Archives/edgar/data/1725057/000119312525184632/,,,,,,CLOSED,2026-02-04,https://www.sec.gov/Archives/edgar/data/1725057/000087666126000087/,167,,[close audit 2026-09-21] close CONFIRMED: 2.01 completion 8-K + Form 25/15. | Form 25-NSE
NSC,NORFOLK SOUTHERN CORP,0000702165,2025-09-29,https://www.sec.gov/Archives/edgar/data/702165/000119312525223388/,,,,,,PENDING,,,,,no terminal filing after 353 days
ETNB,"89bio, Inc.",0001785173,2025-09-18,https://www.sec.gov/Archives/edgar/data/1785173/000119312525207470/,,,,,,CLOSED,2025-10-30,https://www.sec.gov/Archives/edgar/data/1785173/000135445725001073/,42,,[close audit 2026-09-21] close CONFIRMED: 2.01 completion 8-K + Form 25/15. | Form 25-NSE
WKHS,Workhorse Group Inc.,0001425287,2025-08-15,https://www.sec.gov/Archives/edgar/data/1425287/000121390025077085/,,,,,,EXCLUDED,2025-12-15,https://www.sec.gov/Archives/edgar/data/1425287/000121390025121720/,122,,"[close audit 2026-09-21] WAS CLOSED, NOT PROVEN: completion-type 8-K but no Form 25/15 in window and issuer kept filing: not a delisted take-out of this issuer (acquirer-side / reverse-merger survivor). | 8-K Item 2.01"
SOL,Emeren Group Ltd,0001417892,2025-09-03,https://www.sec.gov/Archives/edgar/data/1417892/000110465925086721/,,,,,,CLOSED,2025-12-15,https://www.sec.gov/Archives/edgar/data/1417892/000087666125000961/,103,,[close audit 2026-09-21] close CONFIRMED: 2.01 completion 8-K + Form 25/15. | Form 25-NSE
MTSR,"Metsera, Inc.",0002040807,2025-09-22,https://www.sec.gov/Archives/edgar/data/2040807/000119312525210030/,,,,,,CLOSED,2025-11-13,https://www.sec.gov/Archives/edgar/data/2040807/000135445725001124/,52,,[close audit 2026-09-21] close CONFIRMED: 2.01 completion 8-K + Form 25/15. | Form 25-NSE
VRNT,VERINT SYSTEMS INC,0001166388,2025-08-25,https://www.sec.gov/Archives/edgar/data/1166388/000119312525187836/,,,,,,CLOSED,2025-11-26,https://www.sec.gov/Archives/edgar/data/1166388/000135445725001189/,93,,[close audit 2026-09-21] close CONFIRMED: 2.01 completion 8-K + Form 25/15. | Form 25-NSE
TRML,"Tourmaline Bio, Inc.",0001827506,2025-09-09,https://www.sec.gov/Archives/edgar/data/1827506/000110465925088612/,,,,,,CLOSED,2025-10-28,https://www.sec.gov/Archives/edgar/data/1827506/000135445725001066/,49,,[close audit 2026-09-21] close CONFIRMED: 2.01 completion 8-K + Form 25/15. | Form 25-NSE
GES,GUESS INC,0000912463,2025-08-20,https://www.sec.gov/Archives/edgar/data/912463/000119312525183789/,,,,,,CLOSED,2026-01-23,https://www.sec.gov/Archives/edgar/data/912463/000087666126000060/,156,,[close audit 2026-09-21] close CONFIRMED: 2.01 completion 8-K + Form 25/15. | Form 25-NSE
VMEO,"Vimeo, Inc.",0001837686,2025-09-11,https://www.sec.gov/Archives/edgar/data/1837686/000110465925089165/,,,,,,CLOSED,2025-11-24,https://www.sec.gov/Archives/edgar/data/1837686/000135445725001176/,74,,[close audit 2026-09-21] close CONFIRMED: 2.01 completion 8-K + Form 25/15. | Form 25-NSE
PINC,"Premier, Inc.",0001577916,2025-09-22,https://www.sec.gov/Archives/edgar/data/1577916/000119312525210204/,,,,,,CLOSED,2025-11-25,https://www.sec.gov/Archives/edgar/data/1577916/000135445725001186/,64,,[close audit 2026-09-21] close CONFIRMED: 2.01 completion 8-K + Form 25/15. | Form 25-NSE
HBI,Hanesbrands Inc.,0001359841,2025-08-13,https://www.sec.gov/Archives/edgar/data/1359841/000119312525179967/,,,,,,CLOSED,2025-12-01,https://www.sec.gov/Archives/edgar/data/1359841/000087666125000928/,110,,[close audit 2026-09-21] close CONFIRMED: 2.01 completion 8-K + Form 25/15. | Form 25-NSE
ODP,ODP Corp,0000800240,2025-09-22,https://www.sec.gov/Archives/edgar/data/800240/000119312525211474/,,,,,,CLOSED,2025-12-10,https://www.sec.gov/Archives/edgar/data/800240/000135445725001240/,79,,[close audit 2026-09-21] close CONFIRMED: 2.01 completion 8-K + Form 25/15. | Form 25-NSE
WOW,"WideOpenWest, Inc.",0001701051,2025-08-14,https://www.sec.gov/Archives/edgar/data/1701051/000110465925077815/,,,,,,CLOSED,2025-12-31,https://www.sec.gov/Archives/edgar/data/1701051/000087666125001028/,139,,[close audit 2026-09-21] close CONFIRMED: 2.01 completion 8-K + Form 25/15. | Form 25-NSE
TZUP,THUMZUP MEDIA Corp,0001853825,2025-09-30,https://www.sec.gov/Archives/edgar/data/1853825/000149315225016196/,,,,,,EXCLUDED,2025-12-15,https://www.sec.gov/Archives/edgar/data/1853825/000149315225027765/,76,,"[close audit 2026-09-21] WAS CLOSED, NOT PROVEN: completion-type 8-K but no Form 25/15 in window and issuer kept filing: not a delisted take-out of this issuer (acquirer-side / reverse-merger survivor). | 8-K Item 2.01"
TIPT,TIPTREE INC.,0001393726,2025-10-31,https://www.sec.gov/Archives/edgar/data/1393726/000119312525259778/,,,,,,EXCLUDED,2026-05-04,https://www.sec.gov/Archives/edgar/data/1393726/000139372626000029/,185,,"[close audit 2026-09-21] WAS CLOSED, NOT PROVEN: completion-type 8-K but no Form 25/15 in window and issuer kept filing: not a delisted take-out of this issuer (acquirer-side / reverse-merger survivor). | 8-K Item 2.01"
PRO,"PROS Holdings, Inc.",0001392972,2025-09-22,https://www.sec.gov/Archives/edgar/data/1392972/000119312525211519/,,,,,,CLOSED,2025-12-09,https://www.sec.gov/Archives/edgar/data/1392972/000087666125000950/,78,,[close audit 2026-09-21] close CONFIRMED: 2.01 completion 8-K + Form 25/15. | Form 25-NSE
HSII,HEIDRICK & STRUGGLES INTERNATIONAL INC,0001066605,2025-10-06,https://www.sec.gov/Archives/edgar/data/1066605/000119312525231098/,,,,,,CLOSED,2025-12-10,https://www.sec.gov/Archives/edgar/data/1066605/000135445725001242/,65,,[close audit 2026-09-21] close CONFIRMED: 2.01 completion 8-K + Form 25/15. | Form 25-NSE
PBBK,"PB Bankshares, Inc.",0001849670,2025-07-07,https://www.sec.gov/Archives/edgar/data/1849670/000184967025000021/,,,,,,PENDING,,,,,no terminal filing after 437 days
AL,AIR LEASE CORP,0001487712,2025-09-02,https://www.sec.gov/Archives/edgar/data/1487712/000119312525193497/,,,,,,CLOSED,2026-04-08,https://www.sec.gov/Archives/edgar/data/1487712/000087666126000339/,218,,[close audit 2026-09-21] close CONFIRMED: 2.01 completion 8-K + Form 25/15; still files periodic reports (SPAC/acquirer/debt registrant). | Form 25-NSE
BRY,Berry Corp (bry),0001705873,2025-09-16,https://www.sec.gov/Archives/edgar/data/1705873/000119312525204224/,,,,,,CLOSED,2025-12-18,https://www.sec.gov/Archives/edgar/data/1705873/000135445725001285/,93,,[close audit 2026-09-21] close CONFIRMED: 2.01 completion 8-K + Form 25/15. | Form 25-NSE
IMXI,"International Money Express, Inc.",0001683695,2025-08-11,https://www.sec.gov/Archives/edgar/data/1683695/000114036125029957/,,,,,,PENDING,,,,y,"[label audit 2026-09-21] WAS BROKEN, NOT A BREAK: IMXI: holders voted 2025-12-09 (Item 5.07); no termination or closing filing found; unresolved. | termination language"
SCS,STEELCASE INC,0001050825,2025-08-08,https://www.sec.gov/Archives/edgar/data/1050825/000119312525176992/,,,,,,CLOSED,2025-12-10,https://www.sec.gov/Archives/edgar/data/1050825/000087666125000952/,124,,[close audit 2026-09-21] close CONFIRMED: 2.01 completion 8-K + Form 25/15. | Form 25-NSE
FSFG,"First Savings Financial Group, Inc.",0001435508,2025-09-25,https://www.sec.gov/Archives/edgar/data/1435508/000110465925093406/,,,,,,CLOSED,2026-02-02,https://www.sec.gov/Archives/edgar/data/1435508/000135445726000121/,130,,[close audit 2026-09-21] close CONFIRMED: Form 25/15 and no later periodic filings (genuine delisting); no closing-language 8-K matched. | Form 25-NSE
AKRO,"Akero Therapeutics, Inc.",0001744659,2025-10-09,https://www.sec.gov/Archives/edgar/data/1744659/000119312525235919/,,,,,,CLOSED,2025-12-09,https://www.sec.gov/Archives/edgar/data/1744659/000135445725001233/,61,,[close audit 2026-09-21] close CONFIRMED: 2.01 completion 8-K + Form 25/15. | Form 25-NSE
PGRE,"Paramount Group, Inc.",0001605607,2025-09-17,https://www.sec.gov/Archives/edgar/data/1605607/000119312525205552/,,,,,,CLOSED,2025-12-19,https://www.sec.gov/Archives/edgar/data/1605607/000087666125000998/,93,,[close audit 2026-09-21] close CONFIRMED: 2.01 completion 8-K + Form 25/15. | Form 25-NSE
MRUS,Merus N.V.,0001651311,2025-09-29,https://www.sec.gov/Archives/edgar/data/1651311/000119312525221801/,,,,,,CLOSED,2025-12-12,https://www.sec.gov/Archives/edgar/data/1651311/000119312525316841/,74,,[close audit 2026-09-21] close CONFIRMED: 2.01 completion 8-K + Form 25/15. | 8-K Item 2.01
VTLE,"Vital Energy, Inc.",0001528129,2025-08-25,https://www.sec.gov/Archives/edgar/data/1528129/000119312525187816/,,,,,,CLOSED,2025-12-15,https://www.sec.gov/Archives/edgar/data/1528129/000087666125000963/,112,,[close audit 2026-09-21] close CONFIRMED: 2.01 completion 8-K + Form 25/15. | Form 25-NSE
TRUE,"TrueCar, Inc.",0001327318,2025-10-15,https://www.sec.gov/Archives/edgar/data/1327318/000110465925099554/,,,,,,CLOSED,2026-01-21,https://www.sec.gov/Archives/edgar/data/1327318/000135445726000067/,98,,[close audit 2026-09-21] close CONFIRMED: 2.01 completion 8-K + Form 25/15. | Form 25-NSE
RNA,"Avidity Biosciences, Inc.",0001599901,2025-10-27,https://www.sec.gov/Archives/edgar/data/1599901/000119312525250696/,,,,,,CLOSED,2026-02-27,https://www.sec.gov/Archives/edgar/data/1599901/000135445726000224/,123,,[close audit 2026-09-21] close CONFIRMED: 2.01 completion 8-K + Form 25/15. | Form 25-NSE
HI,"Hillenbrand, Inc.",0001417398,2025-10-16,https://www.sec.gov/Archives/edgar/data/1417398/000119312525241524/,,,,,,CLOSED,2026-02-10,https://www.sec.gov/Archives/edgar/data/1417398/000087666126000115/,117,,[close audit 2026-09-21] close CONFIRMED: 2.01 completion 8-K + Form 25/15. | Form 25-NSE
DENN,DENNY'S Corp,0000852772,2025-11-04,https://www.sec.gov/Archives/edgar/data/852772/000119312525263393/,,,,,,CLOSED,2026-01-16,https://www.sec.gov/Archives/edgar/data/852772/000135445726000051/,73,,[close audit 2026-09-21] close CONFIRMED: 2.01 completion 8-K + Form 25/15. | Form 25-NSE
ADVM,"Adverum Biotechnologies, Inc.",0001501756,2025-11-21,https://www.sec.gov/Archives/edgar/data/1501756/000119312525291327/,,,,,,CLOSED,2025-12-09,https://www.sec.gov/Archives/edgar/data/1501756/000135445725001236/,18,,[close audit 2026-09-21] close CONFIRMED: 2.01 completion 8-K + Form 25/15. | Form 25-NSE
HOUS,Anywhere Real Estate Inc.,0001398987,2025-09-22,https://www.sec.gov/Archives/edgar/data/1398987/000119312525210057/,,,,,,CLOSED,2026-01-09,https://www.sec.gov/Archives/edgar/data/1398987/000087666126000018/,109,,[close audit 2026-09-21] close CONFIRMED: 2.01 completion 8-K + Form 25/15. | Form 25-NSE
AVDL,AVADEL PHARMACEUTICALS PLC,0001012477,2025-10-22,https://www.sec.gov/Archives/edgar/data/1012477/000110465925101382/,,,,,,CLOSED,2026-02-12,https://www.sec.gov/Archives/edgar/data/1012477/000135445726000172/,113,,[close audit 2026-09-21] close CONFIRMED: 2.01 completion 8-K + Form 25/15. | Form 25-NSE
SONM,SONIM TECHNOLOGIES INC,0001178697,2025-11-26,https://www.sec.gov/Archives/edgar/data/1178697/000149315225025141/,,,,,,EXCLUDED,2025-12-18,https://www.sec.gov/Archives/edgar/data/1178697/000149315225028292/,22,,"[close audit 2026-09-21] WAS CLOSED, NOT PROVEN: completion-type 8-K but no Form 25/15 in window and issuer kept filing: not a delisted take-out of this issuer (acquirer-side / reverse-merger survivor). | 8-K Item 2.01"
SMLR,"Semler Scientific, Inc.",0001554859,2025-09-22,https://www.sec.gov/Archives/edgar/data/1554859/000110465925092186/,,,,,,CLOSED,2026-01-16,https://www.sec.gov/Archives/edgar/data/1554859/000135445726000049/,116,,[close audit 2026-09-21] close CONFIRMED: 2.01 completion 8-K + Form 25/15. | Form 25-NSE
APTOF,Aptose Biosciences Inc.,0000882361,2025-11-25,https://www.sec.gov/Archives/edgar/data/882361/000119312525294108/,,,,,,CLOSED,2026-07-01,https://www.sec.gov/Archives/edgar/data/882361/000119312526291114/,218,,[close audit 2026-09-21] close CONFIRMED: 2.01 completion 8-K + Form 25/15. | 8-K Item 2.01
JAMF,Jamf Holding Corp.,0001721947,2025-10-29,https://www.sec.gov/Archives/edgar/data/1721947/000110465925103443/,,,,,,CLOSED,2026-01-30,https://www.sec.gov/Archives/edgar/data/1721947/000135445726000116/,93,,[close audit 2026-09-21] close CONFIRMED: 2.01 completion 8-K + Form 25/15. | Form 25-NSE
SHCO,Soho House & Co Inc.,0001846510,2025-08-18,https://www.sec.gov/Archives/edgar/data/1846510/000119312525182169/,,,,,,CLOSED,2026-01-29,https://www.sec.gov/Archives/edgar/data/1846510/000087666126000066/,164,,[close audit 2026-09-21] close CONFIRMED: 2.01 completion 8-K + Form 25/15. | Form 25-NSE
FRGE,"Forge Global Holdings, Inc.",0001827821,2025-11-06,https://www.sec.gov/Archives/edgar/data/1827821/000182782125000020/,,,,,,CLOSED,2026-03-02,https://www.sec.gov/Archives/edgar/data/1827821/000087666126000186/,116,,[close audit 2026-09-21] close CONFIRMED: 2.01 completion 8-K + Form 25/15. | Form 25-NSE
CSGS,CSG SYSTEMS INTERNATIONAL INC,0001005757,2025-10-29,https://www.sec.gov/Archives/edgar/data/1005757/000119312525254546/,,,,,,CLOSED,2026-05-14,https://www.sec.gov/Archives/edgar/data/1005757/000135445726000450/,197,,[close audit 2026-09-21] close CONFIRMED: 2.01 completion 8-K + Form 25/15. | Form 25-NSE
KVUE,Kenvue Inc.,0001944048,2025-11-03,https://www.sec.gov/Archives/edgar/data/1944048/000110465925105216/,,,,,,PENDING,,,,,no terminal filing after 318 days
PLYM,"Plymouth Industrial REIT, Inc.",0001515816,2025-10-24,https://www.sec.gov/Archives/edgar/data/1515816/000119312525250015/,,,,,,CLOSED,2026-01-28,https://www.sec.gov/Archives/edgar/data/1515816/000087666126000063/,96,,[close audit 2026-09-21] close CONFIRMED: 2.01 completion 8-K + Form 25/15. | Form 25-NSE
ATXS,"Astria Therapeutics, Inc.",0001454789,2025-10-14,https://www.sec.gov/Archives/edgar/data/1454789/000110465925098998/,,,,,,CLOSED,2026-01-23,https://www.sec.gov/Archives/edgar/data/1454789/000135445726000075/,101,,[close audit 2026-09-21] close CONFIRMED: 2.01 completion 8-K + Form 25/15. | Form 25-NSE
MBCN,MIDDLEFIELD BANC CORP,0000836147,2025-10-27,https://www.sec.gov/Archives/edgar/data/836147/000143774925031826/,,,,,,CLOSED,2026-03-02,https://www.sec.gov/Archives/edgar/data/836147/000135445726000225/,126,,[close audit 2026-09-21] close CONFIRMED: Form 25/15 and no later periodic filings (genuine delisting); no closing-language 8-K matched. | Form 25-NSE
MOFG,"MidWestOne Financial Group, Inc.",0001412665,2025-10-23,https://www.sec.gov/Archives/edgar/data/1412665/000110465925101847/,,,,,,CLOSED,2026-02-13,https://www.sec.gov/Archives/edgar/data/1412665/000135445726000184/,113,,[close audit 2026-09-21] close CONFIRMED: 2.01 completion 8-K + Form 25/15. | Form 25-NSE
HOLX,HOLOGIC INC,0000859737,2025-10-21,https://www.sec.gov/Archives/edgar/data/859737/000119312525244423/,,,,,,CLOSED,2026-04-07,https://www.sec.gov/Archives/edgar/data/859737/000135445726000329/,168,,[close audit 2026-09-21] close CONFIRMED: 2.01 completion 8-K + Form 25/15. | Form 25-NSE
REVG,"REV Group, Inc.",0001687221,2025-10-30,https://www.sec.gov/Archives/edgar/data/1687221/000095010325013873/,,,,,,CLOSED,2026-02-02,https://www.sec.gov/Archives/edgar/data/1687221/000087666126000076/,95,,[close audit 2026-09-21] close CONFIRMED: Form 25/15 and no later periodic filings (genuine delisting); no closing-language 8-K matched. | Form 25-NSE
QRVO,"Qorvo, Inc.",0001604778,2025-10-28,https://www.sec.gov/Archives/edgar/data/1604778/000095010325013687/,,,,,,PENDING,,,,,no terminal filing after 324 days
PCH,POTLATCHDELTIC CORP,0001338749,2025-10-14,https://www.sec.gov/Archives/edgar/data/1338749/000119312525237912/,,,,,,CLOSED,2026-02-02,https://www.sec.gov/Archives/edgar/data/1338749/000119312526032108/,111,,[close audit 2026-09-21] close CONFIRMED: 2.01 completion 8-K + Form 25/15. | 8-K Item 2.01
BLFY,Blue Foundry Bancorp,0001846017,2025-11-25,https://www.sec.gov/Archives/edgar/data/1846017/000119312525294478/,,,,,,CLOSED,2026-04-01,https://www.sec.gov/Archives/edgar/data/1846017/000135445726000317/,127,,[close audit 2026-09-21] close CONFIRMED: 2.01 completion 8-K + Form 25/15. | Form 25-NSE
SNCR,SYNCHRONOSS TECHNOLOGIES INC,0001131554,2025-12-04,https://www.sec.gov/Archives/edgar/data/1131554/000162828025055229/,,,,,,CLOSED,2026-02-13,https://www.sec.gov/Archives/edgar/data/1131554/000135445726000179/,71,,[close audit 2026-09-21] close CONFIRMED: 2.01 completion 8-K + Form 25/15. | Form 25-NSE
CFLT,"Confluent, Inc.",0001699838,2025-12-08,https://www.sec.gov/Archives/edgar/data/1699838/000110465925119081/,,,,,,CLOSED,2026-03-17,https://www.sec.gov/Archives/edgar/data/1699838/000135445726000262/,99,,[close audit 2026-09-21] close CONFIRMED: 2.01 completion 8-K + Form 25/15. | Form 25-NSE
SEMR,"SEMrush Holdings, Inc.",0001831840,2025-11-19,https://www.sec.gov/Archives/edgar/data/1831840/000095010325014983/,,,,,,CLOSED,2026-04-28,https://www.sec.gov/Archives/edgar/data/1831840/000087666126000368/,160,,[close audit 2026-09-21] close CONFIRMED: 2.01 completion 8-K + Form 25/15. | Form 25-NSE
THS,"TreeHouse Foods, Inc.",0001320695,2025-11-12,https://www.sec.gov/Archives/edgar/data/1320695/000132069525000112/,,,,,,CLOSED,2026-02-11,https://www.sec.gov/Archives/edgar/data/1320695/000087666126000121/,91,,[close audit 2026-09-21] close CONFIRMED: 2.01 completion 8-K + Form 25/15. | Form 25-NSE
EXAS,EXACT SCIENCES CORP,0001124140,2025-11-20,https://www.sec.gov/Archives/edgar/data/1124140/000119312525288896/,,,,,,CLOSED,2026-03-23,https://www.sec.gov/Archives/edgar/data/1124140/000135445726000277/,123,,[close audit 2026-09-21] close CONFIRMED: 2.01 completion 8-K + Form 25/15. | Form 25-NSE
MRSN,"Mersana Therapeutics, Inc.",0001442836,2025-12-04,https://www.sec.gov/Archives/edgar/data/1442836/000110465925118456/,,,,,,CLOSED,2026-01-06,https://www.sec.gov/Archives/edgar/data/1442836/000135445726000008/,33,,[close audit 2026-09-21] close CONFIRMED: 2.01 completion 8-K + Form 25/15. | Form 25-NSE
APLT,"Applied Therapeutics, Inc.",0001697532,2025-12-12,https://www.sec.gov/Archives/edgar/data/1697532/000119312525316607/,,,,,,CLOSED,2026-02-03,https://www.sec.gov/Archives/edgar/data/1697532/000135445726000130/,53,,[close audit 2026-09-21] close CONFIRMED: 2.01 completion 8-K + Form 25/15. | Form 25-NSE
IROQ,"IF Bancorp, Inc.",0001514743,2025-10-30,https://www.sec.gov/Archives/edgar/data/1514743/000119312525257673/,,,,,,CLOSED,2026-03-13,https://www.sec.gov/Archives/edgar/data/1514743/000135445726000251/,134,,[close audit 2026-09-21] close CONFIRMED: 2.01 completion 8-K + Form 25/15. | Form 25-NSE
VECO,VEECO INSTRUMENTS INC,0000103145,2025-11-05,https://www.sec.gov/Archives/edgar/data/103145/000110465925107012/,,,,,,PENDING,,,,,no terminal filing after 316 days
WTRG,"Essential Utilities, Inc.",0000078128,2025-10-27,https://www.sec.gov/Archives/edgar/data/78128/000155278125000341/,,,,,,PENDING,,,,y,"[label audit 2026-09-21] WAS BROKEN, NOT A BREAK: WTRG: all-stock merger; DEFM14A 2025-12-31, votes 2026-02; no termination or closing filing found. | termination language"
